original_index,url_original,type,IP_Address,URL_Length,URL_Shortening,Double_Slash_Redirect_After_HTTPS,Hyphen_in_Domain_Name,Presence_of_Subdomain,Uses_HTTPS_Protocol,Favicon_Source_Consistency,Custom_Port_Usage,External_Resource_Ratio,External_Links_Ratio,External_CSS_and_JS_Resources,External_Form_Submission,Form_Submits_to_Email_Address,HTTP_Response_Status_Content,Number_of_Redirects,Mouseover_Link_Manipulation,Right_Click_Disabled,Popup_Window_Usage,Iframe_Usage,URL_Blacklist_Status,url_shortener_true
359,https://u.to/0IdAFA,phishing,1.0,19.0,-1.0,1.0,1.0,1.0,1.0,-1.0,1.0,-1.0,-1.0,-1.0,-1.0,-1.0,-1.0,-1.0,-1.0,-1.0,-1.0,-1.0,1.0,1
1934,https://tiny.cc/s1m9qy,phishing,1.0,22.0,-1.0,1.0,1.0,1.0,1.0,-1.0,1.0,-1.0,-1.0,-1.0,-1.0,-1.0,1.0,0.0,-1.0,-1.0,-1.0,-1.0,1.0,1
2969,https://goo.gl/oezqhN,phishing,1.0,21.0,-1.0,1.0,1.0,1.0,1.0,-1.0,1.0,61.9,72.73,68.42,1.0,1.0,1.0,1.0,1.0,1.0,1.0,-1.0,1.0,1
4291,http://goo.gl/BcfBK7,phishing,1.0,20.0,-1.0,1.0,1.0,1.0,-1.0,1.0,1.0,0.0,0.0,0.0,1.0,1.0,1.0,1.0,1.0,1.0,1.0,1.0,1.0,1
4878,http://ow.ly/6vlV306A8HS,phishing,1.0,24.0,-1.0,1.0,1.0,1.0,-1.0,1.0,1.0,53.33,30.48,76.92,1.0,1.0,1.0,2.0,1.0,1.0,1.0,-1.0,-1.0,1
4892,http://adf.ly/1euld4,phishing,1.0,20.0,-1.0,1.0,1.0,1.0,-1.0,-1.0,1.0,-1.0,-1.0,-1.0,-1.0,-1.0,1.0,1.0,-1.0,-1.0,-1.0,-1.0,1.0,1
5833,http://goo.gl/zsqxk4,phishing,1.0,20.0,-1.0,1.0,1.0,1.0,-1.0,-1.0,1.0,-1.0,-1.0,-1.0,-1.0,-1.0,1.0,1.0,-1.0,-1.0,-1.0,-1.0,1.0,1
7812,http://bc.vc/qxroJap,phishing,1.0,20.0,-1.0,1.0,1.0,1.0,-1.0,-1.0,1.0,-1.0,-1.0,-1.0,-1.0,-1.0,-1.0,3.0,-1.0,-1.0,-1.0,-1.0,1.0,1
7899,https://t.co/UTR0JiSOR7,phishing,1.0,23.0,-1.0,1.0,1.0,1.0,1.0,-1.0,1.0,-1.0,-1.0,-1.0,-1.0,-1.0,-1.0,-1.0,-1.0,-1.0,-1.0,-1.0,1.0,1
8157,http://rebrand.ly/banco24hrscliente,phishing,1.0,35.0,-1.0,1.0,1.0,1.0,-1.0,1.0,1.0,100.0,44.44,100.0,1.0,1.0,1.0,1.0,1.0,1.0,1.0,1.0,1.0,1
8319,http://bit.ly/216JE6v,phishing,1.0,21.0,-1.0,1.0,1.0,1.0,-1.0,-1.0,1.0,0.0,100.0,100.0,1.0,1.0,1.0,0.0,1.0,1.0,1.0,1.0,1.0,1
9700,http://bit.ly/e5w45f444444fff,phishing,1.0,29.0,-1.0,1.0,1.0,1.0,-1.0,-1.0,1.0,-1.0,-1.0,-1.0,-1.0,-1.0,-1.0,-1.0,-1.0,-1.0,-1.0,-1.0,1.0,1
9815,http://tiny.cc/uzaxpy,phishing,1.0,21.0,-1.0,1.0,1.0,1.0,-1.0,-1.0,1.0,-1.0,-1.0,-1.0,-1.0,-1.0,1.0,1.0,-1.0,-1.0,-1.0,-1.0,1.0,1
3327,https://www.yfrog.com/kkwk4fjj,legitimate,1.0,30.0,-1.0,1.0,1.0,2.0,1.0,-1.0,1.0,-1.0,-1.0,-1.0,-1.0,-1.0,-1.0,-1.0,-1.0,-1.0,-1.0,-1.0,1.0,1
11712,https://t.co/14zSajjqj8,phishing,1.0,23.0,-1.0,1.0,1.0,1.0,1.0,-1.0,1.0,-1.0,-1.0,-1.0,-1.0,-1.0,-1.0,-1.0,-1.0,-1.0,-1.0,-1.0,1.0,1
11812,http://tinyurl.com/lvnndze,phishing,1.0,26.0,-1.0,1.0,1.0,1.0,-1.0,-1.0,1.0,-1.0,-1.0,-1.0,-1.0,-1.0,1.0,0.0,-1.0,-1.0,-1.0,-1.0,1.0,1
12528,http://bitly.com/1lJffMm,phishing,1.0,24.0,-1.0,1.0,1.0,1.0,-1.0,-1.0,1.0,-1.0,-1.0,-1.0,-1.0,-1.0,-1.0,1.0,-1.0,-1.0,-1.0,-1.0,1.0,1
12585,http://bit.ly/2bGEcrr,phishing,1.0,21.0,-1.0,1.0,1.0,1.0,-1.0,-1.0,1.0,-1.0,-1.0,-1.0,-1.0,-1.0,1.0,2.0,-1.0,-1.0,-1.0,-1.0,1.0,1
13680,http://bit.ly/2jU98Vt,phishing,1.0,21.0,-1.0,1.0,1.0,1.0,-1.0,-1.0,1.0,-1.0,-1.0,-1.0,-1.0,-1.0,-1.0,-1.0,-1.0,-1.0,-1.0,-1.0,1.0,1
13767,http://x.co/6nUIa,phishing,1.0,17.0,-1.0,1.0,1.0,1.0,-1.0,-1.0,1.0,-1.0,-1.0,-1.0,-1.0,-1.0,1.0,0.0,-1.0,-1.0,-1.0,-1.0,1.0,1
14637,http://bit.ly/2fjnCjW,phishing,1.0,21.0,-1.0,1.0,1.0,1.0,-1.0,-1.0,1.0,-1.0,-1.0,-1.0,-1.0,-1.0,-1.0,-1.0,-1.0,-1.0,-1.0,-1.0,1.0,1
16862,http://goo.gl/a5wUM3,phishing,1.0,20.0,-1.0,1.0,1.0,1.0,-1.0,-1.0,1.0,100.0,100.0,100.0,1.0,1.0,1.0,3.0,1.0,1.0,1.0,1.0,1.0,1
18969,http://j.mp/1UDKUJC,phishing,1.0,19.0,-1.0,1.0,1.0,1.0,-1.0,1.0,1.0,100.0,0.0,100.0,1.0,1.0,1.0,1.0,1.0,1.0,1.0,1.0,1.0,1
19448,http://snip.ly/f6mzp,phishing,1.0,20.0,-1.0,1.0,1.0,1.0,-1.0,-1.0,1.0,-1.0,-1.0,-1.0,-1.0,-1.0,1.0,1.0,-1.0,-1.0,-1.0,-1.0,1.0,1
19750,http://goo.gl/7g8HFy,phishing,1.0,20.0,-1.0,1.0,1.0,1.0,-1.0,-1.0,1.0,-1.0,-1.0,-1.0,-1.0,-1.0,1.0,1.0,-1.0,-1.0,-1.0,-1.0,1.0,1
19835,http://bit.ly/diR3cT0M,phishing,1.0,22.0,-1.0,1.0,1.0,1.0,-1.0,-1.0,1.0,-1.0,-1.0,-1.0,-1.0,-1.0,-1.0,-1.0,-1.0,-1.0,-1.0,-1.0,1.0,1
20363,http://bc.vc/RO7WTJz,phishing,1.0,20.0,-1.0,1.0,1.0,1.0,-1.0,-1.0,1.0,-1.0,-1.0,-1.0,-1.0,-1.0,-1.0,1.0,-1.0,-1.0,-1.0,-1.0,1.0,1
21404,https://t.co/yKg76HdFca,phishing,1.0,23.0,-1.0,1.0,1.0,1.0,1.0,1.0,1.0,88.89,100.0,88.89,1.0,1.0,1.0,1.0,1.0,1.0,1.0,1.0,1.0,1
6454,https://www.yfrog.com/nvi46cej,legitimate,1.0,30.0,-1.0,1.0,1.0,2.0,1.0,-1.0,1.0,-1.0,-1.0,-1.0,-1.0,-1.0,-1.0,-1.0,-1.0,-1.0,-1.0,-1.0,1.0,1
22485,https://t.co/MS5Ud85Mqs,phishing,1.0,23.0,-1.0,1.0,1.0,1.0,1.0,-1.0,1.0,-1.0,-1.0,-1.0,-1.0,-1.0,-1.0,-1.0,-1.0,-1.0,-1.0,-1.0,1.0,1
22896,http://bit.ly/2iUOLew,phishing,1.0,21.0,-1.0,1.0,1.0,1.0,-1.0,-1.0,1.0,-1.0,-1.0,-1.0,-1.0,-1.0,1.0,0.0,-1.0,-1.0,-1.0,-1.0,1.0,1
23581,http://go2l.ink/1a7A,phishing,1.0,20.0,-1.0,1.0,1.0,1.0,-1.0,-1.0,1.0,-1.0,-1.0,-1.0,-1.0,-1.0,1.0,0.0,-1.0,-1.0,-1.0,-1.0,1.0,1
24644,https://lnkd.in/bYuxU46,phishing,1.0,23.0,-1.0,1.0,1.0,1.0,1.0,-1.0,1.0,-1.0,-1.0,-1.0,-1.0,-1.0,1.0,2.0,-1.0,-1.0,-1.0,-1.0,1.0,1
25303,http://bit.ly/2d8oNQV,phishing,1.0,21.0,-1.0,1.0,1.0,1.0,-1.0,-1.0,1.0,-1.0,-1.0,-1.0,-1.0,-1.0,1.0,0.0,-1.0,-1.0,-1.0,-1.0,1.0,1
25794,http://tiny.cc/ebay--de,phishing,1.0,23.0,-1.0,1.0,1.0,1.0,-1.0,-1.0,1.0,-1.0,-1.0,-1.0,-1.0,-1.0,-1.0,-1.0,-1.0,-1.0,-1.0,-1.0,-1.0,1
7981,https://www.ow.ly/i/kCNl,legitimate,1.0,24.0,-1.0,1.0,1.0,2.0,1.0,-1.0,1.0,-1.0,-1.0,-1.0,-1.0,-1.0,-1.0,-1.0,-1.0,-1.0,-1.0,-1.0,-1.0,1
27608,https://tinyurl.com/y8s3q4v7,phishing,1.0,28.0,-1.0,1.0,1.0,1.0,1.0,-1.0,1.0,-1.0,-1.0,-1.0,-1.0,-1.0,-1.0,-1.0,-1.0,-1.0,-1.0,-1.0,-1.0,1
27709,https://rebrand.ly/Pagebusiness-Service,phishing,1.0,39.0,-1.0,1.0,1.0,1.0,1.0,-1.0,1.0,-1.0,-1.0,-1.0,-1.0,-1.0,-1.0,-1.0,-1.0,-1.0,-1.0,-1.0,-1.0,1
28009,https://tinyurl.com/upgrate-email,phishing,1.0,33.0,-1.0,1.0,1.0,1.0,1.0,-1.0,1.0,-1.0,-1.0,-1.0,-1.0,-1.0,-1.0,-1.0,-1.0,-1.0,-1.0,-1.0,-1.0,1
28681,https://goo.gl/NeG8cT,phishing,1.0,21.0,-1.0,1.0,1.0,1.0,1.0,-1.0,1.0,-1.0,-1.0,-1.0,-1.0,-1.0,-1.0,-1.0,-1.0,-1.0,-1.0,-1.0,-1.0,1
28985,http://bit.ly/KZwqH0,phishing,1.0,20.0,-1.0,1.0,1.0,1.0,-1.0,-1.0,1.0,-1.0,-1.0,-1.0,-1.0,-1.0,-1.0,-1.0,-1.0,-1.0,-1.0,-1.0,-1.0,1
29161,http://db.tt/p3owGzwo,phishing,1.0,21.0,-1.0,1.0,1.0,1.0,-1.0,-1.0,1.0,-1.0,-1.0,-1.0,-1.0,-1.0,-1.0,-1.0,-1.0,-1.0,-1.0,-1.0,-1.0,1
29252,http://goo.gl/jEYNq2,phishing,1.0,20.0,-1.0,1.0,1.0,1.0,-1.0,-1.0,1.0,-1.0,-1.0,-1.0,-1.0,-1.0,-1.0,-1.0,-1.0,-1.0,-1.0,-1.0,-1.0,1
29377,http://tinyurl.com/h8o5got,phishing,1.0,26.0,-1.0,1.0,1.0,1.0,-1.0,-1.0,1.0,-1.0,-1.0,-1.0,-1.0,-1.0,-1.0,-1.0,-1.0,-1.0,-1.0,-1.0,-1.0,1
30807,http://t.co/OLJQph7Yuo,phishing,1.0,22.0,-1.0,1.0,1.0,1.0,-1.0,-1.0,1.0,-1.0,-1.0,-1.0,-1.0,-1.0,-1.0,-1.0,-1.0,-1.0,-1.0,-1.0,-1.0,1
31014,https://t.co/8zFePQpt0d,phishing,1.0,23.0,-1.0,1.0,1.0,1.0,1.0,-1.0,1.0,-1.0,-1.0,-1.0,-1.0,-1.0,-1.0,-1.0,-1.0,-1.0,-1.0,-1.0,-1.0,1
31411,http://goo.gl/f94IDj,phishing,1.0,20.0,-1.0,1.0,1.0,1.0,-1.0,-1.0,1.0,-1.0,-1.0,-1.0,-1.0,-1.0,-1.0,-1.0,-1.0,-1.0,-1.0,-1.0,-1.0,1
32203,http://goo.gl/YLpWWc,phishing,1.0,20.0,-1.0,1.0,1.0,1.0,-1.0,-1.0,1.0,-1.0,-1.0,-1.0,-1.0,-1.0,-1.0,-1.0,-1.0,-1.0,-1.0,-1.0,-1.0,1
32833,http://ow.ly/XFi2k,phishing,1.0,18.0,-1.0,1.0,1.0,1.0,-1.0,-1.0,1.0,-1.0,-1.0,-1.0,-1.0,-1.0,-1.0,-1.0,-1.0,-1.0,-1.0,-1.0,-1.0,1
33483,http://migre.me/veI3O,phishing,1.0,21.0,-1.0,1.0,1.0,1.0,-1.0,-1.0,1.0,-1.0,-1.0,-1.0,-1.0,-1.0,-1.0,-1.0,-1.0,-1.0,-1.0,-1.0,-1.0,1
33683,http://www.snip.ly/d9nvv,phishing,1.0,24.0,-1.0,1.0,1.0,2.0,-1.0,-1.0,1.0,-1.0,-1.0,-1.0,-1.0,-1.0,-1.0,-1.0,-1.0,-1.0,-1.0,-1.0,-1.0,1
33799,http://bc.vc/onaVNqY,phishing,1.0,20.0,-1.0,1.0,1.0,1.0,-1.0,-1.0,1.0,-1.0,-1.0,-1.0,-1.0,-1.0,-1.0,-1.0,-1.0,-1.0,-1.0,-1.0,-1.0,1
34138,http://wp.me/p1wAY2-2kF,phishing,1.0,23.0,-1.0,1.0,1.0,1.0,-1.0,-1.0,1.0,-1.0,-1.0,-1.0,-1.0,-1.0,-1.0,-1.0,-1.0,-1.0,-1.0,-1.0,-1.0,1
34206,http://u.to/Ul64Dw,phishing,1.0,18.0,-1.0,1.0,1.0,1.0,-1.0,-1.0,1.0,-1.0,-1.0,-1.0,-1.0,-1.0,-1.0,-1.0,-1.0,-1.0,-1.0,-1.0,-1.0,1
34629,http://tinyurl.com/q3zdyk8,phishing,1.0,26.0,-1.0,1.0,1.0,1.0,-1.0,-1.0,1.0,-1.0,-1.0,-1.0,-1.0,-1.0,-1.0,-1.0,-1.0,-1.0,-1.0,-1.0,-1.0,1
35280,http://t.co/0cHP7Cr9Ef,phishing,1.0,22.0,-1.0,1.0,1.0,1.0,-1.0,-1.0,1.0,-1.0,-1.0,-1.0,-1.0,-1.0,-1.0,-1.0,-1.0,-1.0,-1.0,-1.0,-1.0,1
37805,http://bit.ly/1gtkEpc,phishing,1.0,21.0,-1.0,1.0,1.0,1.0,-1.0,-1.0,1.0,-1.0,-1.0,-1.0,-1.0,-1.0,-1.0,-1.0,-1.0,-1.0,-1.0,-1.0,-1.0,1
38142,http://ow.ly/LWIf300KC11,phishing,1.0,24.0,-1.0,1.0,1.0,1.0,-1.0,-1.0,1.0,-1.0,-1.0,-1.0,-1.0,-1.0,-1.0,-1.0,-1.0,-1.0,-1.0,-1.0,-1.0,1
38171,http://snip.ly/seh5o,phishing,1.0,20.0,-1.0,1.0,1.0,1.0,-1.0,-1.0,1.0,-1.0,-1.0,-1.0,-1.0,-1.0,-1.0,-1.0,-1.0,-1.0,-1.0,-1.0,-1.0,1
38306,http://www.goo.gl/YEmzc0,phishing,1.0,24.0,-1.0,1.0,1.0,2.0,-1.0,-1.0,1.0,-1.0,-1.0,-1.0,-1.0,-1.0,-1.0,-1.0,-1.0,-1.0,-1.0,-1.0,-1.0,1
38685,http://snip.ly/dfsmz/,phishing,1.0,21.0,-1.0,1.0,1.0,1.0,-1.0,-1.0,1.0,-1.0,-1.0,-1.0,-1.0,-1.0,-1.0,-1.0,-1.0,-1.0,-1.0,-1.0,-1.0,1
39079,http://goo.gl/b9p2CT,phishing,1.0,20.0,-1.0,1.0,1.0,1.0,-1.0,-1.0,1.0,-1.0,-1.0,-1.0,-1.0,-1.0,-1.0,-1.0,-1.0,-1.0,-1.0,-1.0,-1.0,1
39672,http://bit.ly/2fzv0ap,phishing,1.0,21.0,-1.0,1.0,1.0,1.0,-1.0,-1.0,1.0,-1.0,-1.0,-1.0,-1.0,-1.0,-1.0,-1.0,-1.0,-1.0,-1.0,-1.0,-1.0,1
40044,http://rebrand.ly/maosmnds334/,phishing,1.0,30.0,-1.0,1.0,1.0,1.0,-1.0,-1.0,1.0,-1.0,-1.0,-1.0,-1.0,-1.0,-1.0,-1.0,-1.0,-1.0,-1.0,-1.0,-1.0,1
41182,http://ethclaim.top/?utm_campaign=24655&amp;utm_source=t.co,phishing,1.0,59.0,-1.0,1.0,1.0,2.0,-1.0,-1.0,1.0,-1.0,-1.0,-1.0,-1.0,-1.0,-1.0,-1.0,-1.0,-1.0,-1.0,-1.0,-1.0,1
41295,http://x.co/6nKvk,phishing,1.0,17.0,-1.0,1.0,1.0,1.0,-1.0,-1.0,1.0,-1.0,-1.0,-1.0,-1.0,-1.0,-1.0,-1.0,-1.0,-1.0,-1.0,-1.0,-1.0,1
41400,http://bit.ly/2kjYZEM,phishing,1.0,21.0,-1.0,1.0,1.0,1.0,-1.0,-1.0,1.0,-1.0,-1.0,-1.0,-1.0,-1.0,-1.0,-1.0,-1.0,-1.0,-1.0,-1.0,-1.0,1
41590,https://t.co/ZXCtb9xgsu,phishing,1.0,23.0,-1.0,1.0,1.0,1.0,1.0,-1.0,1.0,-1.0,-1.0,-1.0,-1.0,-1.0,-1.0,-1.0,-1.0,-1.0,-1.0,-1.0,-1.0,1
42046,http://go2l.ink/blackboard,phishing,1.0,26.0,-1.0,1.0,1.0,1.0,-1.0,-1.0,1.0,-1.0,-1.0,-1.0,-1.0,-1.0,1.0,0.0,-1.0,-1.0,-1.0,-1.0,1.0,1
42126,http://goo.gl/udl84M,phishing,1.0,20.0,-1.0,1.0,1.0,1.0,-1.0,-1.0,1.0,-1.0,-1.0,-1.0,-1.0,-1.0,1.0,3.0,-1.0,-1.0,-1.0,-1.0,1.0,1
43170,http://tinyurl.com/hpdmc5d/,phishing,1.0,27.0,-1.0,1.0,1.0,1.0,-1.0,-1.0,1.0,-1.0,-1.0,-1.0,-1.0,-1.0,1.0,0.0,-1.0,-1.0,-1.0,-1.0,1.0,1
43354,http://bc.vc/Si9sekH,phishing,1.0,20.0,-1.0,1.0,1.0,1.0,-1.0,-1.0,1.0,-1.0,-1.0,-1.0,-1.0,-1.0,-1.0,-1.0,-1.0,-1.0,-1.0,-1.0,1.0,1
43725,https://bitly.com/1lJffMm,phishing,1.0,25.0,-1.0,1.0,1.0,1.0,1.0,-1.0,1.0,-1.0,-1.0,-1.0,-1.0,-1.0,-1.0,1.0,-1.0,-1.0,-1.0,-1.0,1.0,1
43972,http://goo.gl/ligwgt,phishing,1.0,20.0,-1.0,1.0,1.0,1.0,-1.0,-1.0,1.0,-1.0,-1.0,-1.0,-1.0,-1.0,1.0,1.0,-1.0,-1.0,-1.0,-1.0,1.0,1
44330,http://bit.ly/2k8AXKM,phishing,1.0,21.0,-1.0,1.0,1.0,1.0,-1.0,-1.0,1.0,-1.0,-1.0,-1.0,-1.0,-1.0,-1.0,-1.0,-1.0,-1.0,-1.0,-1.0,1.0,1
44552,http://bit.ly/2j6c9p5,phishing,1.0,21.0,-1.0,1.0,1.0,1.0,-1.0,-1.0,1.0,-1.0,-1.0,-1.0,-1.0,-1.0,-1.0,-1.0,-1.0,-1.0,-1.0,-1.0,1.0,1
45665,https://goo.gl/LyrdTd,phishing,1.0,21.0,-1.0,1.0,1.0,1.0,1.0,1.0,1.0,0.0,0.0,0.0,1.0,1.0,1.0,0.0,1.0,1.0,1.0,1.0,1.0,1
45905,http://db.tt/NO8rx6cT,phishing,1.0,21.0,-1.0,1.0,1.0,1.0,-1.0,-1.0,1.0,-1.0,-1.0,-1.0,-1.0,-1.0,1.0,0.0,-1.0,-1.0,-1.0,-1.0,1.0,1
46809,https://bit.ly/2F43bnm,phishing,1.0,22.0,-1.0,1.0,1.0,1.0,1.0,-1.0,1.0,-1.0,-1.0,-1.0,-1.0,-1.0,-1.0,-1.0,-1.0,-1.0,-1.0,-1.0,1.0,1
48019,http://goo.gl/fg1dh1,phishing,1.0,20.0,-1.0,1.0,1.0,1.0,-1.0,1.0,1.0,0.0,0.0,0.0,1.0,1.0,1.0,1.0,1.0,1.0,1.0,1.0,1.0,1
49813,http://ow.ly/xOnc308tiS9,phishing,1.0,24.0,-1.0,1.0,1.0,1.0,-1.0,-1.0,1.0,-1.0,-1.0,-1.0,-1.0,-1.0,1.0,2.0,-1.0,-1.0,-1.0,-1.0,-1.0,1
50087,http://bit.ly/1TVnSne,phishing,1.0,21.0,-1.0,1.0,1.0,1.0,-1.0,-1.0,1.0,-1.0,-1.0,-1.0,-1.0,-1.0,-1.0,-1.0,-1.0,-1.0,-1.0,-1.0,1.0,1
15160,https://www.goo.gl,legitimate,1.0,18.0,-1.0,1.0,1.0,2.0,1.0,-1.0,1.0,-1.0,-1.0,-1.0,-1.0,-1.0,1.0,0.0,-1.0,-1.0,-1.0,-1.0,1.0,1
51233,http://tinyurl.com/zeq2kdu,phishing,1.0,26.0,-1.0,1.0,1.0,1.0,-1.0,-1.0,1.0,-1.0,-1.0,-1.0,-1.0,-1.0,1.0,0.0,-1.0,-1.0,-1.0,-1.0,1.0,1
51551,http://goo.gl/KVyX80,phishing,1.0,20.0,-1.0,1.0,1.0,1.0,-1.0,-1.0,1.0,-1.0,-1.0,-1.0,-1.0,-1.0,1.0,1.0,-1.0,-1.0,-1.0,-1.0,1.0,1
51595,https://t.co/Ip2P4YWM0m,phishing,1.0,23.0,-1.0,1.0,1.0,1.0,1.0,-1.0,1.0,-1.0,-1.0,-1.0,-1.0,-1.0,-1.0,-1.0,-1.0,-1.0,-1.0,-1.0,1.0,1
52193,http://tinyurl.com/grrh9wr,phishing,1.0,26.0,-1.0,1.0,1.0,1.0,-1.0,-1.0,1.0,-1.0,-1.0,-1.0,-1.0,-1.0,1.0,0.0,-1.0,-1.0,-1.0,-1.0,1.0,1
52443,http://snip.ly/d9nvv,phishing,1.0,20.0,-1.0,1.0,1.0,1.0,-1.0,-1.0,1.0,-1.0,-1.0,-1.0,-1.0,-1.0,1.0,0.0,-1.0,-1.0,-1.0,-1.0,1.0,1
52586,http://tinyurl.com/hwt625w,phishing,1.0,26.0,-1.0,1.0,1.0,1.0,-1.0,-1.0,1.0,-1.0,-1.0,-1.0,-1.0,-1.0,1.0,0.0,-1.0,-1.0,-1.0,-1.0,1.0,1
53409,http://bit.ly/2d921XO,phishing,1.0,21.0,-1.0,1.0,1.0,1.0,-1.0,-1.0,1.0,-1.0,-1.0,-1.0,-1.0,-1.0,-1.0,-1.0,-1.0,-1.0,-1.0,-1.0,1.0,1
53493,https://bit.ly/2hlJ6u3,phishing,1.0,22.0,-1.0,1.0,1.0,1.0,1.0,-1.0,1.0,-1.0,-1.0,-1.0,-1.0,-1.0,-1.0,-1.0,-1.0,-1.0,-1.0,-1.0,1.0,1
54053,http://bit.ly/2gySNXr,phishing,1.0,21.0,-1.0,1.0,1.0,1.0,-1.0,-1.0,1.0,-1.0,-1.0,-1.0,-1.0,-1.0,1.0,0.0,-1.0,-1.0,-1.0,-1.0,1.0,1
54854,https://t.co/WTVxeSrhnn,phishing,1.0,23.0,-1.0,1.0,1.0,1.0,1.0,-1.0,1.0,-1.0,-1.0,-1.0,-1.0,-1.0,-1.0,-1.0,-1.0,-1.0,-1.0,-1.0,1.0,1
55224,https://tiny.cc/s1m9qy/,phishing,1.0,23.0,-1.0,1.0,1.0,1.0,1.0,-1.0,1.0,-1.0,-1.0,-1.0,-1.0,-1.0,1.0,0.0,-1.0,-1.0,-1.0,-1.0,1.0,1
55814,http://ow.ly/RkmyZ,phishing,1.0,18.0,-1.0,1.0,1.0,1.0,-1.0,-1.0,1.0,-1.0,-1.0,-1.0,-1.0,-1.0,1.0,1.0,-1.0,-1.0,-1.0,-1.0,-1.0,1
57825,http://bit.ly/29NLgwZ,phishing,1.0,21.0,-1.0,1.0,1.0,1.0,-1.0,-1.0,1.0,-1.0,-1.0,-1.0,-1.0,-1.0,-1.0,-1.0,-1.0,-1.0,-1.0,-1.0,-1.0,1
57946,http://ow.ly/OYpA304CPZa,phishing,1.0,24.0,-1.0,1.0,1.0,1.0,-1.0,-1.0,1.0,-1.0,-1.0,-1.0,-1.0,-1.0,-1.0,-1.0,-1.0,-1.0,-1.0,-1.0,-1.0,1
58042,https://tinyurl.com/y8c9nbo4,phishing,1.0,28.0,-1.0,1.0,1.0,1.0,1.0,-1.0,1.0,-1.0,-1.0,-1.0,-1.0,-1.0,-1.0,-1.0,-1.0,-1.0,-1.0,-1.0,-1.0,1
58570,http://x.co/Ws8ns0,phishing,1.0,18.0,-1.0,1.0,1.0,1.0,-1.0,-1.0,1.0,-1.0,-1.0,-1.0,-1.0,-1.0,-1.0,-1.0,-1.0,-1.0,-1.0,-1.0,-1.0,1
58638,http://bc.vc/KRX2qh,phishing,1.0,19.0,-1.0,1.0,1.0,1.0,-1.0,-1.0,1.0,-1.0,-1.0,-1.0,-1.0,-1.0,-1.0,-1.0,-1.0,-1.0,-1.0,-1.0,-1.0,1
58859,https://tiny.cc/caixa-russia2018/envio3.php,phishing,1.0,43.0,-1.0,1.0,1.0,2.0,1.0,-1.0,1.0,-1.0,-1.0,-1.0,-1.0,-1.0,-1.0,-1.0,-1.0,-1.0,-1.0,-1.0,-1.0,1
59113,https://t.co/xLGC6sjUfe,phishing,1.0,23.0,-1.0,1.0,1.0,1.0,1.0,-1.0,1.0,-1.0,-1.0,-1.0,-1.0,-1.0,-1.0,-1.0,-1.0,-1.0,-1.0,-1.0,-1.0,1
61322,http://tiny.cc/Erendiz-Garden-Hotel,phishing,1.0,35.0,-1.0,1.0,1.0,1.0,-1.0,-1.0,1.0,-1.0,-1.0,-1.0,-1.0,-1.0,-1.0,-1.0,-1.0,-1.0,-1.0,-1.0,-1.0,1
61516,http://bit.ly/2mOm54O,phishing,1.0,21.0,-1.0,1.0,1.0,1.0,-1.0,-1.0,1.0,-1.0,-1.0,-1.0,-1.0,-1.0,-1.0,-1.0,-1.0,-1.0,-1.0,-1.0,-1.0,1
61561,https://t.co/fYBaVCUppS,phishing,1.0,23.0,-1.0,1.0,1.0,1.0,1.0,-1.0,1.0,-1.0,-1.0,-1.0,-1.0,-1.0,-1.0,-1.0,-1.0,-1.0,-1.0,-1.0,-1.0,1
62235,http://bit.ly/2cbIBQV,phishing,1.0,21.0,-1.0,1.0,1.0,1.0,-1.0,-1.0,1.0,-1.0,-1.0,-1.0,-1.0,-1.0,1.0,0.0,-1.0,-1.0,-1.0,-1.0,1.0,1
62506,http://redirect.tinyurl.com/api/click?key=a7e37b5f6ff1de9cb410158b1013e54a&out=http%3A%2F%2Fpumaskills.com%2F%2Fupgr%2Findex.html&loc=&cuid=00790b38aaac379270e1157337482ba&opt=false&format=txt,phishing,1.0,192.0,-1.0,1.0,1.0,4.0,-1.0,-1.0,1.0,-1.0,-1.0,-1.0,-1.0,-1.0,1.0,0.0,-1.0,-1.0,-1.0,-1.0,1.0,1
63549,http://bit.ly/2aQKXC2,phishing,1.0,21.0,-1.0,1.0,1.0,1.0,-1.0,-1.0,1.0,-1.0,-1.0,-1.0,-1.0,-1.0,-1.0,-1.0,-1.0,-1.0,-1.0,-1.0,1.0,1
64576,http://bit.do/Reset-PayPaI,phishing,1.0,26.0,-1.0,1.0,1.0,1.0,-1.0,-1.0,1.0,-1.0,-1.0,-1.0,-1.0,-1.0,-1.0,-1.0,-1.0,-1.0,-1.0,-1.0,1.0,1
64622,http://bit.ly/2gV07NG,phishing,1.0,21.0,-1.0,1.0,1.0,1.0,-1.0,-1.0,1.0,-1.0,-1.0,-1.0,-1.0,-1.0,-1.0,-1.0,-1.0,-1.0,-1.0,-1.0,1.0,1
64682,https://t.co/mlkOU2vQDs,phishing,1.0,23.0,-1.0,1.0,1.0,1.0,1.0,-1.0,1.0,-1.0,-1.0,-1.0,-1.0,-1.0,-1.0,-1.0,-1.0,-1.0,-1.0,-1.0,1.0,1
65022,http://ow.ly/mn0950jr4JJ,phishing,1.0,24.0,-1.0,1.0,1.0,1.0,-1.0,-1.0,1.0,-1.0,-1.0,-1.0,-1.0,-1.0,-1.0,-1.0,-1.0,-1.0,-1.0,-1.0,-1.0,1
67193,http://bit.ly/2gph1Tj,phishing,1.0,21.0,-1.0,1.0,1.0,1.0,-1.0,-1.0,1.0,-1.0,-1.0,-1.0,-1.0,-1.0,-1.0,-1.0,-1.0,-1.0,-1.0,-1.0,1.0,1
67621,http://tinyurl.com/h7cxwxf,phishing,1.0,26.0,-1.0,1.0,1.0,1.0,-1.0,-1.0,1.0,-1.0,-1.0,-1.0,-1.0,-1.0,1.0,0.0,-1.0,-1.0,-1.0,-1.0,1.0,1
67845,http://goo.gl/tvH8rp,phishing,1.0,20.0,-1.0,1.0,1.0,1.0,-1.0,1.0,1.0,0.0,0.0,0.0,1.0,1.0,1.0,1.0,1.0,1.0,1.0,1.0,1.0,1
68318,https://goo.gl/rXUPrq,phishing,1.0,21.0,-1.0,1.0,1.0,1.0,1.0,-1.0,1.0,-1.0,-1.0,-1.0,-1.0,-1.0,1.0,0.0,-1.0,-1.0,-1.0,-1.0,1.0,1
69931,https://t.co/klNRndZ1EO,phishing,1.0,23.0,-1.0,1.0,1.0,1.0,1.0,-1.0,1.0,-1.0,-1.0,-1.0,-1.0,-1.0,-1.0,-1.0,-1.0,-1.0,-1.0,-1.0,1.0,1
70152,http://bitly.com/1eC2YQC,phishing,1.0,24.0,-1.0,1.0,1.0,1.0,-1.0,-1.0,1.0,-1.0,-1.0,-1.0,-1.0,-1.0,1.0,2.0,-1.0,-1.0,-1.0,-1.0,1.0,1
70491,http://bit.ly/AttackersProtection,phishing,1.0,33.0,-1.0,1.0,1.0,1.0,-1.0,-1.0,1.0,0.0,100.0,100.0,1.0,1.0,1.0,0.0,1.0,1.0,1.0,1.0,1.0,1
70635,http://goo.gl/ByUomP,phishing,1.0,20.0,-1.0,1.0,1.0,1.0,-1.0,-1.0,1.0,-1.0,-1.0,-1.0,-1.0,-1.0,1.0,2.0,-1.0,-1.0,-1.0,-1.0,1.0,1
72176,https://www.adf.ly/1cSNxd/,phishing,1.0,26.0,-1.0,1.0,1.0,2.0,1.0,-1.0,1.0,-1.0,-1.0,-1.0,-1.0,-1.0,1.0,1.0,-1.0,-1.0,-1.0,-1.0,1.0,1
72256,https://rebrand.ly/vodafd8720,phishing,1.0,29.0,-1.0,1.0,1.0,1.0,1.0,1.0,1.0,100.0,44.44,100.0,1.0,1.0,1.0,1.0,1.0,1.0,1.0,1.0,1.0,1
73273,http://ow.ly/qp65Z,phishing,1.0,18.0,-1.0,1.0,1.0,1.0,-1.0,-1.0,1.0,-1.0,-1.0,-1.0,-1.0,-1.0,1.0,1.0,-1.0,-1.0,-1.0,-1.0,-1.0,1
73960,http://goo.gl/JNS4se,phishing,1.0,20.0,-1.0,1.0,1.0,1.0,-1.0,1.0,1.0,0.0,0.0,0.0,1.0,1.0,1.0,1.0,1.0,1.0,1.0,1.0,1.0,1
74311,http://tinyurl.com/hkd5h3w/,phishing,1.0,27.0,-1.0,1.0,1.0,1.0,-1.0,-1.0,1.0,-1.0,-1.0,-1.0,-1.0,-1.0,1.0,0.0,-1.0,-1.0,-1.0,-1.0,1.0,1
75378,http://bit.ly/28PQrwO,phishing,1.0,21.0,-1.0,1.0,1.0,1.0,-1.0,-1.0,1.0,-1.0,-1.0,-1.0,-1.0,-1.0,-1.0,-1.0,-1.0,-1.0,-1.0,-1.0,1.0,1
75402,http://bit.do/usaa-com,phishing,1.0,22.0,-1.0,1.0,1.0,1.0,-1.0,-1.0,1.0,-1.0,-1.0,-1.0,-1.0,-1.0,-1.0,-1.0,-1.0,-1.0,-1.0,-1.0,1.0,1
76094,http://ow.ly/5WRN3058IPA,phishing,1.0,24.0,-1.0,1.0,1.0,1.0,-1.0,-1.0,1.0,-1.0,-1.0,-1.0,-1.0,-1.0,-1.0,-1.0,-1.0,-1.0,-1.0,-1.0,-1.0,1
76665,https://qr.net/cfqNmy,phishing,1.0,21.0,-1.0,1.0,1.0,1.0,1.0,-1.0,1.0,56.25,19.05,66.67,1.0,1.0,1.0,0.0,1.0,1.0,1.0,1.0,1.0,1
77788,http://ow.ly/V7LXv?Verify-acct-Facebook,phishing,1.0,39.0,-1.0,1.0,1.0,1.0,-1.0,1.0,1.0,53.33,30.48,76.92,1.0,1.0,1.0,2.0,1.0,1.0,1.0,-1.0,-1.0,1
78045,http://goo.gl/BOCxq9,phishing,1.0,20.0,-1.0,1.0,1.0,1.0,-1.0,1.0,1.0,0.0,0.0,0.0,1.0,1.0,1.0,1.0,1.0,1.0,1.0,1.0,1.0,1
78500,http://tinyurl.com/hrdns6y,phishing,1.0,26.0,-1.0,1.0,1.0,1.0,-1.0,-1.0,1.0,-1.0,-1.0,-1.0,-1.0,-1.0,-1.0,-1.0,-1.0,-1.0,-1.0,-1.0,-1.0,1
79363,http://bit.ly/2jaV5hl,phishing,1.0,21.0,-1.0,1.0,1.0,1.0,-1.0,-1.0,1.0,-1.0,-1.0,-1.0,-1.0,-1.0,-1.0,-1.0,-1.0,-1.0,-1.0,-1.0,-1.0,1
81487,http://bit.ly/2eCCk1d,phishing,1.0,21.0,-1.0,1.0,1.0,1.0,-1.0,-1.0,1.0,-1.0,-1.0,-1.0,-1.0,-1.0,-1.0,-1.0,-1.0,-1.0,-1.0,-1.0,1.0,1
81850,https://tinyurl.com/y88qrtn2,phishing,1.0,28.0,-1.0,1.0,1.0,1.0,1.0,-1.0,1.0,-1.0,-1.0,-1.0,-1.0,-1.0,1.0,0.0,-1.0,-1.0,-1.0,-1.0,1.0,1
82194,http://adf.ly/1euVC7,phishing,1.0,20.0,-1.0,1.0,1.0,1.0,-1.0,-1.0,1.0,-1.0,-1.0,-1.0,-1.0,-1.0,1.0,1.0,-1.0,-1.0,-1.0,-1.0,1.0,1
82860,http://tinyurl.com/Financial-Update,phishing,1.0,35.0,-1.0,1.0,1.0,1.0,-1.0,-1.0,1.0,-1.0,-1.0,-1.0,-1.0,-1.0,1.0,0.0,-1.0,-1.0,-1.0,-1.0,1.0,1
83394,http://goo.gl/xyZM3M,phishing,1.0,20.0,-1.0,1.0,1.0,1.0,-1.0,1.0,1.0,0.0,0.0,0.0,1.0,1.0,1.0,1.0,1.0,1.0,1.0,1.0,1.0,1
83436,http://goo.gl/onHbmG,phishing,1.0,20.0,-1.0,1.0,1.0,1.0,-1.0,-1.0,1.0,-1.0,-1.0,-1.0,-1.0,-1.0,1.0,1.0,-1.0,-1.0,-1.0,-1.0,1.0,1
83454,http://bitly.com/1sHXxfX,phishing,1.0,24.0,-1.0,1.0,1.0,1.0,-1.0,-1.0,1.0,-1.0,-1.0,-1.0,-1.0,-1.0,-1.0,-1.0,-1.0,-1.0,-1.0,-1.0,1.0,1
83933,https://href.li/?http://x.co/6naFe,phishing,1.0,34.0,-1.0,-1.0,1.0,2.0,1.0,-1.0,1.0,100.0,100.0,100.0,1.0,1.0,1.0,0.0,1.0,1.0,1.0,1.0,1.0,1
84322,http://tinyurl.com/h2f6msy,phishing,1.0,26.0,-1.0,1.0,1.0,1.0,-1.0,-1.0,1.0,-1.0,-1.0,-1.0,-1.0,-1.0,1.0,0.0,-1.0,-1.0,-1.0,-1.0,1.0,1
84988,http://tinyurl.com/hrjct8b,phishing,1.0,26.0,-1.0,1.0,1.0,1.0,-1.0,-1.0,1.0,-1.0,-1.0,-1.0,-1.0,-1.0,1.0,0.0,-1.0,-1.0,-1.0,-1.0,1.0,1
85964,http://ow.ly/UGifQ,phishing,1.0,18.0,-1.0,1.0,1.0,1.0,-1.0,1.0,1.0,53.33,30.48,76.92,1.0,1.0,1.0,2.0,1.0,1.0,1.0,-1.0,-1.0,1
86034,http://bit.ly/2hpgy0U,phishing,1.0,21.0,-1.0,1.0,1.0,1.0,-1.0,1.0,1.0,100.0,50.0,100.0,1.0,1.0,1.0,1.0,1.0,1.0,1.0,-1.0,1.0,1
87373,http://bit.do/djncb,phishing,1.0,19.0,-1.0,1.0,1.0,1.0,-1.0,-1.0,1.0,-1.0,-1.0,-1.0,-1.0,-1.0,-1.0,-1.0,-1.0,-1.0,-1.0,-1.0,1.0,1
87928,http://bit.do/dX4Bo,phishing,1.0,19.0,-1.0,1.0,1.0,1.0,-1.0,-1.0,1.0,-1.0,-1.0,-1.0,-1.0,-1.0,-1.0,-1.0,-1.0,-1.0,-1.0,-1.0,1.0,1
88103,https://tinyurl.com/y9oquttx,phishing,1.0,28.0,-1.0,1.0,1.0,1.0,1.0,-1.0,1.0,-1.0,-1.0,-1.0,-1.0,-1.0,1.0,0.0,-1.0,-1.0,-1.0,-1.0,1.0,1
89187,http://tinyurl.com/z8nklr6,phishing,1.0,26.0,-1.0,1.0,1.0,1.0,-1.0,-1.0,1.0,-1.0,-1.0,-1.0,-1.0,-1.0,1.0,0.0,-1.0,-1.0,-1.0,-1.0,1.0,1
90077,http://www.bit.ly/2zXdEdq,phishing,1.0,25.0,-1.0,1.0,1.0,2.0,-1.0,-1.0,1.0,-1.0,-1.0,-1.0,-1.0,-1.0,-1.0,-1.0,-1.0,-1.0,-1.0,-1.0,1.0,1
90246,http://t.co/3XZhaoyC65,phishing,1.0,22.0,-1.0,1.0,1.0,1.0,-1.0,-1.0,1.0,-1.0,-1.0,-1.0,-1.0,-1.0,-1.0,-1.0,-1.0,-1.0,-1.0,-1.0,1.0,1
92535,http://tiny.cc/3cyl2y,phishing,1.0,21.0,-1.0,1.0,1.0,1.0,-1.0,-1.0,1.0,-1.0,-1.0,-1.0,-1.0,-1.0,1.0,1.0,-1.0,-1.0,-1.0,-1.0,1.0,1
94373,http://bitly.com/1J1Muz91J1Muz9,phishing,1.0,31.0,-1.0,1.0,1.0,1.0,-1.0,-1.0,1.0,-1.0,-1.0,-1.0,-1.0,-1.0,1.0,2.0,-1.0,-1.0,-1.0,-1.0,1.0,1
94574,http://bit.do/bb_desbloqueio,phishing,1.0,28.0,-1.0,1.0,1.0,1.0,-1.0,-1.0,1.0,-1.0,-1.0,-1.0,-1.0,-1.0,-1.0,-1.0,-1.0,-1.0,-1.0,-1.0,1.0,1
95180,http://bit.do/dZCAa,phishing,1.0,19.0,-1.0,1.0,1.0,1.0,-1.0,-1.0,1.0,-1.0,-1.0,-1.0,-1.0,-1.0,-1.0,-1.0,-1.0,-1.0,-1.0,-1.0,1.0,1
96345,https://rebrand.ly/vodaf7867c,phishing,1.0,29.0,-1.0,1.0,1.0,1.0,1.0,1.0,1.0,100.0,44.44,100.0,1.0,1.0,1.0,1.0,1.0,1.0,1.0,1.0,1.0,1
96513,http://bit.ly/2lmIGFv039,phishing,1.0,24.0,-1.0,1.0,1.0,1.0,-1.0,-1.0,1.0,-1.0,-1.0,-1.0,-1.0,-1.0,1.0,2.0,-1.0,-1.0,-1.0,-1.0,1.0,1
97248,http://bit.ly/2aQNJKZ,phishing,1.0,21.0,-1.0,1.0,1.0,1.0,-1.0,-1.0,1.0,-1.0,-1.0,-1.0,-1.0,-1.0,1.0,0.0,-1.0,-1.0,-1.0,-1.0,1.0,1
97812,http://bit.ly/2cl0l,phishing,1.0,19.0,-1.0,1.0,1.0,1.0,-1.0,-1.0,1.0,-1.0,-1.0,-1.0,-1.0,-1.0,1.0,1.0,-1.0,-1.0,-1.0,-1.0,1.0,1
97815,https://t.co/i57TQyW7UC,phishing,1.0,23.0,-1.0,1.0,1.0,1.0,1.0,-1.0,1.0,-1.0,-1.0,-1.0,-1.0,-1.0,-1.0,-1.0,-1.0,-1.0,-1.0,-1.0,1.0,1
98253,http://goo.gl/dWDjJl,phishing,1.0,20.0,-1.0,1.0,1.0,1.0,-1.0,-1.0,1.0,-1.0,-1.0,-1.0,-1.0,-1.0,-1.0,2.0,-1.0,-1.0,-1.0,-1.0,1.0,1
98376,http://ow.ly/LVta308zuXb,phishing,1.0,24.0,-1.0,1.0,1.0,1.0,-1.0,-1.0,1.0,-1.0,-1.0,-1.0,-1.0,-1.0,-1.0,-1.0,-1.0,-1.0,-1.0,-1.0,-1.0,1
100239,http://goo.gl/qu2x0w,phishing,1.0,20.0,-1.0,1.0,1.0,1.0,-1.0,-1.0,1.0,-1.0,-1.0,-1.0,-1.0,-1.0,1.0,2.0,-1.0,-1.0,-1.0,-1.0,1.0,1
100543,http://migre.me/ut4mq,phishing,1.0,21.0,-1.0,1.0,1.0,1.0,-1.0,-1.0,1.0,50.0,0.0,0.0,1.0,1.0,1.0,1.0,1.0,1.0,1.0,1.0,1.0,1
101071,http://ow.ly/ZVZAl,phishing,1.0,18.0,-1.0,1.0,1.0,1.0,-1.0,1.0,1.0,53.33,30.48,76.92,1.0,1.0,1.0,2.0,1.0,1.0,1.0,-1.0,-1.0,1
103688,https://t.co/bFheiiqTlc,phishing,1.0,23.0,-1.0,1.0,1.0,1.0,1.0,-1.0,1.0,-1.0,-1.0,-1.0,-1.0,-1.0,-1.0,-1.0,-1.0,-1.0,-1.0,-1.0,1.0,1
104939,http://bit.ly/2mGYd35,phishing,1.0,21.0,-1.0,1.0,1.0,1.0,-1.0,-1.0,1.0,-1.0,-1.0,-1.0,-1.0,-1.0,-1.0,-1.0,-1.0,-1.0,-1.0,-1.0,1.0,1
105107,http://bit.ly/2jEazIa,phishing,1.0,21.0,-1.0,1.0,1.0,1.0,-1.0,-1.0,1.0,-1.0,-1.0,-1.0,-1.0,-1.0,1.0,0.0,-1.0,-1.0,-1.0,-1.0,1.0,1
105193,https://is.gd/eZFdB4,phishing,1.0,20.0,-1.0,1.0,1.0,1.0,1.0,-1.0,1.0,-1.0,-1.0,-1.0,-1.0,-1.0,1.0,0.0,-1.0,-1.0,-1.0,-1.0,1.0,1
105578,http://snip.ly/kv4hc,phishing,1.0,20.0,-1.0,1.0,1.0,1.0,-1.0,-1.0,1.0,0.0,0.0,0.0,1.0,1.0,1.0,0.0,1.0,1.0,1.0,-1.0,1.0,1
105609,http://bitly.com/dj_co_privacidad,phishing,1.0,33.0,-1.0,1.0,1.0,1.0,-1.0,-1.0,1.0,-1.0,-1.0,-1.0,-1.0,-1.0,1.0,3.0,-1.0,-1.0,-1.0,-1.0,1.0,1
106052,http://ow.ly/8BD7305K3aN,phishing,1.0,24.0,-1.0,1.0,1.0,1.0,-1.0,-1.0,1.0,-1.0,-1.0,-1.0,-1.0,-1.0,-1.0,-1.0,-1.0,-1.0,-1.0,-1.0,-1.0,1
106183,http://bit.ly/Portaldoclientebb,phishing,1.0,31.0,-1.0,1.0,1.0,1.0,-1.0,-1.0,1.0,-1.0,-1.0,-1.0,-1.0,-1.0,-1.0,-1.0,-1.0,-1.0,-1.0,-1.0,1.0,1
106392,https://t.co/wpSAZrSfXK,phishing,1.0,23.0,-1.0,1.0,1.0,1.0,1.0,-1.0,1.0,-1.0,-1.0,-1.0,-1.0,-1.0,-1.0,-1.0,-1.0,-1.0,-1.0,-1.0,1.0,1
106873,http://ow.ly/US923034Gey,phishing,1.0,24.0,-1.0,1.0,1.0,1.0,-1.0,-1.0,1.0,-1.0,-1.0,-1.0,-1.0,-1.0,-1.0,-1.0,-1.0,-1.0,-1.0,-1.0,-1.0,1
107057,http://bitly.com/Aplicativosegurobb,phishing,1.0,35.0,-1.0,1.0,1.0,1.0,-1.0,-1.0,1.0,-1.0,-1.0,-1.0,-1.0,-1.0,-1.0,-1.0,-1.0,-1.0,-1.0,-1.0,1.0,1
107211,http://www.goo.gl/Z36VZZ,phishing,1.0,24.0,-1.0,1.0,1.0,2.0,-1.0,-1.0,1.0,-1.0,-1.0,-1.0,-1.0,-1.0,1.0,0.0,-1.0,-1.0,-1.0,-1.0,1.0,1
107448,http://tinyurl.com/zf74pv7,phishing,1.0,26.0,-1.0,1.0,1.0,1.0,-1.0,-1.0,1.0,-1.0,-1.0,-1.0,-1.0,-1.0,1.0,0.0,-1.0,-1.0,-1.0,-1.0,1.0,1
107886,http://tinyurl.com/k2an4wk,phishing,1.0,26.0,-1.0,1.0,1.0,1.0,-1.0,-1.0,1.0,-1.0,-1.0,-1.0,-1.0,-1.0,1.0,0.0,-1.0,-1.0,-1.0,-1.0,1.0,1
108195,http://goo.gl/KZPUM3,phishing,1.0,20.0,-1.0,1.0,1.0,1.0,-1.0,1.0,1.0,0.0,0.0,0.0,1.0,1.0,1.0,1.0,1.0,1.0,1.0,1.0,1.0,1
109899,http://goo.gl/JJqYdv,phishing,1.0,20.0,-1.0,1.0,1.0,1.0,-1.0,1.0,1.0,0.0,0.0,0.0,1.0,1.0,1.0,1.0,1.0,1.0,1.0,1.0,1.0,1
109953,http://claim.status-eth.top/?utm_campaign=65745654&amp;utm_source=t.co,phishing,1.0,70.0,-1.0,1.0,-1.0,3.0,-1.0,-1.0,1.0,-1.0,-1.0,-1.0,-1.0,-1.0,-1.0,-1.0,-1.0,-1.0,-1.0,-1.0,-1.0,1
110109,http://bit.ly/government_uk,phishing,1.0,27.0,-1.0,1.0,1.0,1.0,-1.0,-1.0,1.0,-1.0,-1.0,-1.0,-1.0,-1.0,-1.0,-1.0,-1.0,-1.0,-1.0,-1.0,1.0,1
110767,http://bit.ly/2iOiNQ2,phishing,1.0,21.0,-1.0,1.0,1.0,1.0,-1.0,-1.0,1.0,-1.0,-1.0,-1.0,-1.0,-1.0,1.0,0.0,-1.0,-1.0,-1.0,-1.0,1.0,1
111883,http://www.go2l.ink/1EhP/,phishing,1.0,25.0,-1.0,1.0,1.0,2.0,-1.0,-1.0,1.0,-1.0,-1.0,-1.0,-1.0,-1.0,1.0,0.0,-1.0,-1.0,-1.0,-1.0,1.0,1
112200,http://bit.ly/2hefstg,phishing,1.0,21.0,-1.0,1.0,1.0,1.0,-1.0,-1.0,1.0,-1.0,-1.0,-1.0,-1.0,-1.0,1.0,1.0,-1.0,-1.0,-1.0,-1.0,1.0,1
115004,http://ow.ly/pqBe30065me,phishing,1.0,24.0,-1.0,1.0,1.0,1.0,-1.0,1.0,1.0,53.33,30.48,76.92,1.0,1.0,1.0,2.0,1.0,1.0,1.0,-1.0,-1.0,1
115381,http://bit.ly/29EzCcD,phishing,1.0,21.0,-1.0,1.0,1.0,1.0,-1.0,-1.0,1.0,-1.0,-1.0,-1.0,-1.0,-1.0,1.0,0.0,-1.0,-1.0,-1.0,-1.0,1.0,1
115738,https://tiny.cc/ktjqoy,phishing,1.0,22.0,-1.0,1.0,1.0,1.0,1.0,-1.0,1.0,-1.0,-1.0,-1.0,-1.0,-1.0,1.0,0.0,-1.0,-1.0,-1.0,-1.0,1.0,1
115823,http://bit.ly/2hPdobA,phishing,1.0,21.0,-1.0,1.0,1.0,1.0,-1.0,-1.0,1.0,-1.0,-1.0,-1.0,-1.0,-1.0,-1.0,-1.0,-1.0,-1.0,-1.0,-1.0,1.0,1
116035,http://tinyurl.com/business-llc,phishing,1.0,31.0,-1.0,1.0,1.0,1.0,-1.0,-1.0,1.0,-1.0,-1.0,-1.0,-1.0,-1.0,1.0,0.0,-1.0,-1.0,-1.0,-1.0,1.0,1
116913,http://t.co/hRXyRFfDmD,phishing,1.0,22.0,-1.0,1.0,1.0,1.0,-1.0,-1.0,1.0,100.0,0.0,100.0,1.0,1.0,1.0,1.0,1.0,1.0,1.0,1.0,1.0,1
117215,http://bit.ly/2fMBBxh,phishing,1.0,21.0,-1.0,1.0,1.0,1.0,-1.0,-1.0,1.0,-1.0,-1.0,-1.0,-1.0,-1.0,1.0,0.0,-1.0,-1.0,-1.0,-1.0,1.0,1
117438,http://goo.gl/KUwbTP,phishing,1.0,20.0,-1.0,1.0,1.0,1.0,-1.0,1.0,1.0,0.0,0.0,0.0,1.0,1.0,1.0,1.0,1.0,1.0,1.0,1.0,1.0,1
117504,http://tiny.cc/qb9oby/,phishing,1.0,22.0,-1.0,1.0,1.0,1.0,-1.0,-1.0,1.0,-1.0,-1.0,-1.0,-1.0,-1.0,1.0,0.0,-1.0,-1.0,-1.0,-1.0,1.0,1
119657,https://bitly.com/1HnbPtc,phishing,1.0,25.0,-1.0,1.0,1.0,1.0,1.0,-1.0,1.0,-1.0,-1.0,-1.0,-1.0,-1.0,-1.0,-1.0,-1.0,-1.0,-1.0,-1.0,1.0,1
36330,https://www.ow.ly/i/liIt,legitimate,1.0,24.0,-1.0,1.0,1.0,2.0,1.0,-1.0,1.0,-1.0,-1.0,-1.0,-1.0,-1.0,-1.0,-1.0,-1.0,-1.0,-1.0,-1.0,-1.0,1
120663,http://db.tt/h7LgBD0T/,phishing,1.0,22.0,-1.0,1.0,1.0,1.0,-1.0,-1.0,1.0,0.0,25.0,0.0,1.0,1.0,1.0,3.0,1.0,1.0,1.0,1.0,1.0,1
122480,http://snip.ly/o0b78,phishing,1.0,20.0,-1.0,1.0,1.0,1.0,-1.0,-1.0,1.0,-1.0,-1.0,-1.0,-1.0,-1.0,1.0,0.0,-1.0,-1.0,-1.0,-1.0,1.0,1
122682,http://bit.ly/28KpNox,phishing,1.0,21.0,-1.0,1.0,1.0,1.0,-1.0,-1.0,1.0,-1.0,-1.0,-1.0,-1.0,-1.0,-1.0,-1.0,-1.0,-1.0,-1.0,-1.0,1.0,1
122793,http://bit.ly/2aRt1MQ,phishing,1.0,21.0,-1.0,1.0,1.0,1.0,-1.0,-1.0,1.0,-1.0,-1.0,-1.0,-1.0,-1.0,-1.0,-1.0,-1.0,-1.0,-1.0,-1.0,1.0,1
123723,http://tinyurl.com/gr4esu4,phishing,1.0,26.0,-1.0,1.0,1.0,1.0,-1.0,-1.0,1.0,-1.0,-1.0,-1.0,-1.0,-1.0,1.0,0.0,-1.0,-1.0,-1.0,-1.0,1.0,1
124533,http://tiny.cc/caixa-russia2018,phishing,1.0,31.0,-1.0,1.0,1.0,1.0,-1.0,-1.0,1.0,-1.0,-1.0,-1.0,-1.0,-1.0,1.0,1.0,-1.0,-1.0,-1.0,-1.0,1.0,1
126264,http://bit.ly/2k9Vhdg,phishing,1.0,21.0,-1.0,1.0,1.0,1.0,-1.0,-1.0,1.0,-1.0,-1.0,-1.0,-1.0,-1.0,1.0,0.0,-1.0,-1.0,-1.0,-1.0,1.0,1
127148,http://bit.ly/2dijBfh,phishing,1.0,21.0,-1.0,1.0,1.0,1.0,-1.0,-1.0,1.0,-1.0,-1.0,-1.0,-1.0,-1.0,1.0,1.0,-1.0,-1.0,-1.0,-1.0,1.0,1
127850,https://tinyurl.com/sdi-latex,phishing,1.0,29.0,-1.0,1.0,1.0,1.0,1.0,-1.0,1.0,-1.0,-1.0,-1.0,-1.0,-1.0,1.0,0.0,-1.0,-1.0,-1.0,-1.0,1.0,1
127881,http://bit.ly/2kq27N0,phishing,1.0,21.0,-1.0,1.0,1.0,1.0,-1.0,-1.0,1.0,-1.0,-1.0,-1.0,-1.0,-1.0,1.0,1.0,-1.0,-1.0,-1.0,-1.0,1.0,1
128695,http://goo.gl/15tv8k,phishing,1.0,20.0,-1.0,1.0,1.0,1.0,-1.0,-1.0,1.0,-1.0,-1.0,-1.0,-1.0,-1.0,1.0,1.0,-1.0,-1.0,-1.0,-1.0,1.0,1
129924,https://t.co/hjl9FwDAld,phishing,1.0,23.0,-1.0,1.0,1.0,1.0,1.0,-1.0,1.0,-1.0,-1.0,-1.0,-1.0,-1.0,-1.0,-1.0,-1.0,-1.0,-1.0,-1.0,1.0,1
132529,http://www.tiny.cc/merchandise,phishing,1.0,30.0,-1.0,1.0,1.0,2.0,-1.0,-1.0,1.0,-1.0,-1.0,-1.0,-1.0,-1.0,1.0,1.0,-1.0,-1.0,-1.0,-1.0,1.0,1
132982,http://goo.gl/zLWCq9,phishing,1.0,20.0,-1.0,1.0,1.0,1.0,-1.0,-1.0,1.0,-1.0,-1.0,-1.0,-1.0,-1.0,1.0,4.0,-1.0,-1.0,-1.0,-1.0,1.0,1
133212,https://bit.ly/2j8Zi1I,phishing,1.0,22.0,-1.0,1.0,1.0,1.0,1.0,-1.0,1.0,-1.0,-1.0,-1.0,-1.0,-1.0,1.0,2.0,-1.0,-1.0,-1.0,-1.0,1.0,1
134395,http://bit.ly/2mFqbvd,phishing,1.0,21.0,-1.0,1.0,1.0,1.0,-1.0,-1.0,1.0,-1.0,-1.0,-1.0,-1.0,-1.0,-1.0,-1.0,-1.0,-1.0,-1.0,-1.0,1.0,1
134521,http://bc.vc/fgMzyFZ,phishing,1.0,20.0,-1.0,1.0,1.0,1.0,-1.0,-1.0,1.0,-1.0,-1.0,-1.0,-1.0,-1.0,-1.0,-1.0,-1.0,-1.0,-1.0,-1.0,1.0,1
134655,http://bit.ly/2gruvM4,phishing,1.0,21.0,-1.0,1.0,1.0,1.0,-1.0,-1.0,1.0,-1.0,-1.0,-1.0,-1.0,-1.0,1.0,1.0,-1.0,-1.0,-1.0,-1.0,1.0,1
134709,https://t.co/SM9zTL9ZUk,phishing,1.0,23.0,-1.0,1.0,1.0,1.0,1.0,-1.0,1.0,-1.0,-1.0,-1.0,-1.0,-1.0,1.0,1.0,-1.0,-1.0,-1.0,-1.0,1.0,1
134749,http://tinyurl.com/hkd5h3w,phishing,1.0,26.0,-1.0,1.0,1.0,1.0,-1.0,-1.0,1.0,-1.0,-1.0,-1.0,-1.0,-1.0,1.0,0.0,-1.0,-1.0,-1.0,-1.0,1.0,1
134956,https://tinyurl.com/y95jn2kt,phishing,1.0,28.0,-1.0,1.0,1.0,1.0,1.0,-1.0,1.0,-1.0,-1.0,-1.0,-1.0,-1.0,1.0,0.0,-1.0,-1.0,-1.0,-1.0,1.0,1
135879,http://bit.ly/2ckirzi,phishing,1.0,21.0,-1.0,1.0,1.0,1.0,-1.0,-1.0,1.0,-1.0,-1.0,-1.0,-1.0,-1.0,-1.0,-1.0,-1.0,-1.0,-1.0,-1.0,1.0,1
136159,https://t.co/vFvy6LMIH2,phishing,1.0,23.0,-1.0,1.0,1.0,1.0,1.0,-1.0,1.0,-1.0,-1.0,-1.0,-1.0,-1.0,-1.0,-1.0,-1.0,-1.0,-1.0,-1.0,1.0,1
136924,http://mail01.tinyletterapp.com/IECL/hello/11041213-goo.gl/f7crnm?REDACTED,phishing,1.0,74.0,-1.0,1.0,1.0,3.0,-1.0,-1.0,1.0,-1.0,-1.0,-1.0,-1.0,-1.0,-1.0,-1.0,-1.0,-1.0,-1.0,-1.0,-1.0,1
138139,http://u.to/YwZQDw>,phishing,1.0,19.0,-1.0,1.0,1.0,1.0,-1.0,-1.0,1.0,-1.0,-1.0,-1.0,-1.0,-1.0,1.0,4.0,-1.0,-1.0,-1.0,-1.0,1.0,1
138730,https://goo.gl/I97fRx,phishing,1.0,21.0,-1.0,1.0,1.0,1.0,1.0,-1.0,1.0,0.0,0.0,0.0,1.0,1.0,1.0,1.0,1.0,1.0,1.0,1.0,1.0,1
139467,http://bit.ly/29B0I1x,phishing,1.0,21.0,-1.0,1.0,1.0,1.0,-1.0,-1.0,1.0,-1.0,-1.0,-1.0,-1.0,-1.0,1.0,2.0,-1.0,-1.0,-1.0,-1.0,1.0,1
140194,http://bit.ly/2bKL0AS,phishing,1.0,21.0,-1.0,1.0,1.0,1.0,-1.0,-1.0,1.0,-1.0,-1.0,-1.0,-1.0,-1.0,-1.0,-1.0,-1.0,-1.0,-1.0,-1.0,1.0,1
141169,https://bitly.com/2r1W1qy,phishing,1.0,25.0,-1.0,1.0,1.0,1.0,1.0,-1.0,1.0,-1.0,-1.0,-1.0,-1.0,-1.0,-1.0,-1.0,-1.0,-1.0,-1.0,-1.0,1.0,1
141489,https://lnkd.in/dUgjmZ9,phishing,1.0,23.0,-1.0,1.0,1.0,1.0,1.0,-1.0,1.0,0.0,100.0,0.0,1.0,1.0,1.0,0.0,1.0,1.0,1.0,1.0,1.0,1
141550,http://tinyurl.com/jo4x9d6,phishing,1.0,26.0,-1.0,1.0,1.0,1.0,-1.0,-1.0,1.0,-1.0,-1.0,-1.0,-1.0,-1.0,1.0,0.0,-1.0,-1.0,-1.0,-1.0,1.0,1
141749,http://ow.ly/4nj2Cs,phishing,1.0,19.0,-1.0,1.0,1.0,1.0,-1.0,1.0,1.0,53.33,30.48,76.92,1.0,1.0,1.0,2.0,1.0,1.0,1.0,-1.0,-1.0,1
141811,https://rebrand.ly/5f6df,phishing,1.0,24.0,-1.0,1.0,1.0,1.0,1.0,-1.0,1.0,-1.0,-1.0,-1.0,-1.0,-1.0,1.0,1.0,-1.0,-1.0,-1.0,-1.0,1.0,1
142445,http://ow.ly/lHj7303hmMq,phishing,1.0,24.0,-1.0,1.0,1.0,1.0,-1.0,1.0,1.0,53.33,30.48,76.92,1.0,1.0,1.0,2.0,1.0,1.0,1.0,-1.0,-1.0,1
143287,http://texascougar.com/admin/aol.html?utm_source=tr.im&amp;utm_medium=no_referer&amp;utm_campaign=tr.im/19EXs&amp;utm_content=direct_input,phishing,1.0,138.0,-1.0,1.0,1.0,4.0,-1.0,-1.0,1.0,-1.0,-1.0,-1.0,-1.0,-1.0,-1.0,-1.0,-1.0,-1.0,-1.0,-1.0,-1.0,1
143365,http://ow.ly/VvWwR?Verify-acct-Facebook,phishing,1.0,39.0,-1.0,1.0,1.0,1.0,-1.0,1.0,1.0,53.33,30.48,76.92,1.0,1.0,1.0,2.0,1.0,1.0,1.0,-1.0,-1.0,1
143395,http://sagarview.com/fonts/red.html?utm_source=tr.im&amp;utm_medium=no_referer&amp;utm_campaign=tr.im%2Fsaer9f7t6wa9374q257t35&amp;utm_content=direct_input,phishing,1.0,155.0,-1.0,1.0,1.0,4.0,-1.0,-1.0,1.0,-1.0,-1.0,-1.0,-1.0,-1.0,1.0,1.0,-1.0,-1.0,-1.0,-1.0,1.0,1
143830,http://bit.ly/1QP9XHB,phishing,1.0,21.0,-1.0,1.0,1.0,1.0,-1.0,-1.0,1.0,-1.0,-1.0,-1.0,-1.0,-1.0,-1.0,-1.0,-1.0,-1.0,-1.0,-1.0,1.0,1
144398,http://tinyurl.com/jchu9m6,phishing,1.0,26.0,-1.0,1.0,1.0,1.0,-1.0,-1.0,1.0,-1.0,-1.0,-1.0,-1.0,-1.0,1.0,0.0,-1.0,-1.0,-1.0,-1.0,1.0,1
144812,http://goo.gl/HiAiew,phishing,1.0,20.0,-1.0,1.0,1.0,1.0,-1.0,-1.0,1.0,-1.0,-1.0,-1.0,-1.0,-1.0,1.0,1.0,-1.0,-1.0,-1.0,-1.0,1.0,1
146320,http://goo.gl/3R24NQ,phishing,1.0,20.0,-1.0,1.0,1.0,1.0,-1.0,-1.0,1.0,-1.0,-1.0,-1.0,-1.0,-1.0,1.0,1.0,-1.0,-1.0,-1.0,-1.0,1.0,1
146550,http://snip.ly/go7m9,phishing,1.0,20.0,-1.0,1.0,1.0,1.0,-1.0,-1.0,1.0,-1.0,-1.0,-1.0,-1.0,-1.0,-1.0,-1.0,-1.0,-1.0,-1.0,-1.0,1.0,1
146714,http://goo.gl/wpOCYm,phishing,1.0,20.0,-1.0,1.0,1.0,1.0,-1.0,-1.0,1.0,-1.0,-1.0,-1.0,-1.0,-1.0,1.0,3.0,-1.0,-1.0,-1.0,-1.0,1.0,1
147555,http://bit.ly/2g42yJv,phishing,1.0,21.0,-1.0,1.0,1.0,1.0,-1.0,1.0,1.0,100.0,50.0,100.0,1.0,1.0,1.0,1.0,1.0,1.0,1.0,-1.0,1.0,1
148538,https://tiny.cc/merchandise,phishing,1.0,27.0,-1.0,1.0,1.0,1.0,1.0,-1.0,1.0,-1.0,-1.0,-1.0,-1.0,-1.0,1.0,0.0,-1.0,-1.0,-1.0,-1.0,1.0,1
149302,http://bitly.com/2exP11G,phishing,1.0,24.0,-1.0,1.0,1.0,1.0,-1.0,-1.0,1.0,-1.0,-1.0,-1.0,-1.0,-1.0,1.0,2.0,-1.0,-1.0,-1.0,-1.0,1.0,1
149407,http://t.co/NK1KR251U9,phishing,1.0,22.0,-1.0,1.0,1.0,1.0,-1.0,-1.0,1.0,-1.0,-1.0,-1.0,-1.0,-1.0,-1.0,-1.0,-1.0,-1.0,-1.0,-1.0,1.0,1
149661,http://tinyurl.com/grhwt4e,phishing,1.0,26.0,-1.0,1.0,1.0,1.0,-1.0,-1.0,1.0,-1.0,-1.0,-1.0,-1.0,-1.0,1.0,0.0,-1.0,-1.0,-1.0,-1.0,1.0,1
149781,http://goo.gl/Q51KI5,phishing,1.0,20.0,-1.0,1.0,1.0,1.0,-1.0,-1.0,1.0,-1.0,-1.0,-1.0,-1.0,-1.0,-1.0,2.0,-1.0,-1.0,-1.0,-1.0,1.0,1
1952,http://bc.vc/Tm2fasy,phishing,1.0,20.0,-1.0,1.0,1.0,1.0,-1.0,-1.0,1.0,-1.0,-1.0,-1.0,-1.0,-1.0,-1.0,3.0,-1.0,-1.0,-1.0,-1.0,1.0,1
2681,http://snip.ly/r9sxu9/,phishing,1.0,22.0,-1.0,1.0,1.0,1.0,-1.0,-1.0,1.0,-1.0,-1.0,-1.0,-1.0,-1.0,1.0,0.0,-1.0,-1.0,-1.0,-1.0,1.0,1
2900,https://www.goo.gl/MKkRKL,phishing,1.0,25.0,-1.0,1.0,1.0,2.0,1.0,-1.0,1.0,-1.0,-1.0,-1.0,-1.0,-1.0,1.0,0.0,-1.0,-1.0,-1.0,-1.0,1.0,1
4294,http://bit.ly/15ZkZVq,phishing,1.0,21.0,-1.0,1.0,1.0,1.0,-1.0,-1.0,1.0,-1.0,-1.0,-1.0,-1.0,-1.0,1.0,0.0,-1.0,-1.0,-1.0,-1.0,1.0,1
5373,http://tinyurl.com/zne725z,phishing,1.0,26.0,-1.0,1.0,1.0,1.0,-1.0,-1.0,1.0,-1.0,-1.0,-1.0,-1.0,-1.0,1.0,0.0,-1.0,-1.0,-1.0,-1.0,1.0,1
5417,https://t.co/Adj6abM7qC,phishing,1.0,23.0,-1.0,1.0,1.0,1.0,1.0,-1.0,1.0,-1.0,-1.0,-1.0,-1.0,-1.0,1.0,2.0,-1.0,-1.0,-1.0,-1.0,1.0,1
6179,http://bc.vc/8oePHxo,phishing,1.0,20.0,-1.0,1.0,1.0,1.0,-1.0,-1.0,1.0,-1.0,-1.0,-1.0,-1.0,-1.0,-1.0,3.0,-1.0,-1.0,-1.0,-1.0,1.0,1
6246,http://bitly.com/2fvwJN4,phishing,1.0,24.0,-1.0,1.0,1.0,1.0,-1.0,-1.0,1.0,5.36,98.31,5.36,-1.0,1.0,1.0,1.0,1.0,1.0,-1.0,1.0,1.0,1
7726,https://bit.ly/2bZUpUi,phishing,1.0,22.0,-1.0,1.0,1.0,1.0,1.0,-1.0,1.0,-1.0,-1.0,-1.0,-1.0,-1.0,1.0,1.0,-1.0,-1.0,-1.0,-1.0,1.0,1
8025,http://tinyurl.com/goqcmv8?email=abuse@emirates.net.ae&amp;.rand=13vqcr8bp0gud&amp;lc=1033&amp;id=64855&amp;mkt=en-us&amp;cbcxt=mai&amp;snsc=1,phishing,1.0,142.0,-1.0,1.0,1.0,4.0,-1.0,-1.0,1.0,-1.0,-1.0,-1.0,-1.0,-1.0,1.0,0.0,-1.0,-1.0,-1.0,-1.0,1.0,1
8877,http://goo.gl/2H4z93,phishing,1.0,20.0,-1.0,1.0,1.0,1.0,-1.0,1.0,1.0,0.0,0.0,0.0,1.0,1.0,1.0,1.0,1.0,1.0,1.0,1.0,1.0,1
9006,http://tiny.cc/fgkk2x/,phishing,1.0,22.0,-1.0,1.0,1.0,1.0,-1.0,-1.0,1.0,-1.0,-1.0,-1.0,-1.0,-1.0,1.0,1.0,-1.0,-1.0,-1.0,-1.0,1.0,1
9114,https://t.co/VpFosUjbC1,phishing,1.0,23.0,-1.0,1.0,1.0,1.0,1.0,-1.0,1.0,-1.0,-1.0,-1.0,-1.0,-1.0,-1.0,-1.0,-1.0,-1.0,-1.0,-1.0,1.0,1
9748,http://bit.ly/2mebsvY,phishing,1.0,21.0,-1.0,1.0,1.0,1.0,-1.0,-1.0,1.0,-1.0,-1.0,-1.0,-1.0,-1.0,-1.0,-1.0,-1.0,-1.0,-1.0,-1.0,1.0,1
10273,https://goo.gl/axMne7,phishing,1.0,21.0,-1.0,1.0,1.0,1.0,1.0,-1.0,1.0,-1.0,-1.0,-1.0,-1.0,-1.0,1.0,0.0,-1.0,-1.0,-1.0,-1.0,1.0,1
11110,https://tiny.cc/i88w0y,phishing,1.0,22.0,-1.0,1.0,1.0,1.0,1.0,-1.0,1.0,-1.0,-1.0,-1.0,-1.0,-1.0,1.0,0.0,-1.0,-1.0,-1.0,-1.0,1.0,1
11536,http://tinyurl.com/j473gll,phishing,1.0,26.0,-1.0,1.0,1.0,1.0,-1.0,-1.0,1.0,-1.0,-1.0,-1.0,-1.0,-1.0,1.0,0.0,-1.0,-1.0,-1.0,-1.0,1.0,1
12070,http://bit.ly/DFGRETDFXGBVC,phishing,1.0,27.0,-1.0,1.0,1.0,1.0,-1.0,-1.0,1.0,-1.0,-1.0,-1.0,-1.0,-1.0,-1.0,-1.0,-1.0,-1.0,-1.0,-1.0,1.0,1
13240,http://bit.do/dww2y6,phishing,1.0,20.0,-1.0,1.0,1.0,1.0,-1.0,-1.0,1.0,-1.0,-1.0,-1.0,-1.0,-1.0,-1.0,-1.0,-1.0,-1.0,-1.0,-1.0,1.0,1
15620,https://bit.ly/OportunidadedeEmprego,phishing,1.0,36.0,-1.0,1.0,1.0,1.0,1.0,-1.0,1.0,-1.0,-1.0,-1.0,-1.0,-1.0,-1.0,-1.0,-1.0,-1.0,-1.0,-1.0,1.0,1
15771,http://goo.gl/ntPvzr>,phishing,1.0,21.0,-1.0,1.0,1.0,1.0,-1.0,-1.0,1.0,-1.0,-1.0,-1.0,-1.0,-1.0,1.0,1.0,-1.0,-1.0,-1.0,-1.0,1.0,1
16921,http://bit.ly/65EDRWAR,phishing,1.0,22.0,-1.0,1.0,1.0,1.0,-1.0,-1.0,1.0,0.0,0.0,100.0,1.0,1.0,1.0,1.0,1.0,1.0,1.0,1.0,1.0,1
17420,http://bit.ly/2jRx78O,phishing,1.0,21.0,-1.0,1.0,1.0,1.0,-1.0,-1.0,1.0,-1.0,-1.0,-1.0,-1.0,-1.0,-1.0,-1.0,-1.0,-1.0,-1.0,-1.0,1.0,1
17923,http://snip.ly/842oy,phishing,1.0,20.0,-1.0,1.0,1.0,1.0,-1.0,-1.0,1.0,-1.0,-1.0,-1.0,-1.0,-1.0,1.0,0.0,-1.0,-1.0,-1.0,-1.0,1.0,1
18358,http://bit.ly/2dh5nsr,phishing,1.0,21.0,-1.0,1.0,1.0,1.0,-1.0,-1.0,1.0,-1.0,-1.0,-1.0,-1.0,-1.0,-1.0,-1.0,-1.0,-1.0,-1.0,-1.0,1.0,1
18393,https://href.li/?http://x.co/6nbSp,phishing,1.0,34.0,-1.0,-1.0,1.0,2.0,1.0,-1.0,1.0,100.0,100.0,100.0,1.0,1.0,1.0,0.0,1.0,1.0,1.0,1.0,1.0,1
20636,http://t.co/ZPE7bgd7KL,phishing,1.0,22.0,-1.0,1.0,1.0,1.0,-1.0,-1.0,1.0,-1.0,-1.0,-1.0,-1.0,-1.0,1.0,3.0,-1.0,-1.0,-1.0,-1.0,1.0,1
20639,https://t.co/qzMSMl0r2C,phishing,1.0,23.0,-1.0,1.0,1.0,1.0,1.0,1.0,1.0,80.0,100.0,80.0,1.0,1.0,1.0,1.0,1.0,1.0,1.0,1.0,1.0,1
20866,http://u.to/Z5__EQ,phishing,1.0,18.0,-1.0,1.0,1.0,1.0,-1.0,-1.0,1.0,-1.0,-1.0,-1.0,-1.0,-1.0,-1.0,-1.0,-1.0,-1.0,-1.0,-1.0,1.0,1
22978,https://rebrand.ly/7cb01879sGTR,phishing,1.0,31.0,-1.0,1.0,1.0,1.0,1.0,1.0,1.0,100.0,44.44,100.0,1.0,1.0,1.0,1.0,1.0,1.0,1.0,1.0,1.0,1
23205,http://goo.gl/YafJAp,phishing,1.0,20.0,-1.0,1.0,1.0,1.0,-1.0,1.0,1.0,0.0,0.0,0.0,1.0,1.0,1.0,1.0,1.0,1.0,1.0,1.0,1.0,1
23451,https://t.co/SingcAr1bM,phishing,1.0,23.0,-1.0,1.0,1.0,1.0,1.0,-1.0,1.0,-1.0,-1.0,-1.0,-1.0,-1.0,-1.0,-1.0,-1.0,-1.0,-1.0,-1.0,1.0,1
24243,http://snip.ly/eiaz0p,phishing,1.0,21.0,-1.0,1.0,1.0,1.0,-1.0,-1.0,1.0,-1.0,-1.0,-1.0,-1.0,-1.0,1.0,0.0,-1.0,-1.0,-1.0,-1.0,1.0,1
24427,http://goo.gl/5JNKi9,phishing,1.0,20.0,-1.0,1.0,1.0,1.0,-1.0,-1.0,1.0,11.76,0.0,6.25,1.0,1.0,1.0,3.0,1.0,1.0,1.0,1.0,1.0,1
24764,http://goo.gl/yCL3FT,phishing,1.0,20.0,-1.0,1.0,1.0,1.0,-1.0,1.0,1.0,0.0,0.0,0.0,1.0,1.0,1.0,1.0,1.0,1.0,1.0,1.0,1.0,1
25225,http://goo.gl/mmXZKL,phishing,1.0,20.0,-1.0,1.0,1.0,1.0,-1.0,-1.0,1.0,-1.0,-1.0,-1.0,-1.0,-1.0,1.0,2.0,-1.0,-1.0,-1.0,-1.0,1.0,1
26061,http://snip.ly/8mrya,phishing,1.0,20.0,-1.0,1.0,1.0,1.0,-1.0,-1.0,1.0,-1.0,-1.0,-1.0,-1.0,-1.0,-1.0,-1.0,-1.0,-1.0,-1.0,-1.0,1.0,1
26563,http://x.co/6nUHu,phishing,1.0,17.0,-1.0,1.0,1.0,1.0,-1.0,-1.0,1.0,-1.0,-1.0,-1.0,-1.0,-1.0,1.0,0.0,-1.0,-1.0,-1.0,-1.0,1.0,1
28221,https://tr.im/1cQVvm,phishing,1.0,20.0,-1.0,1.0,1.0,1.0,1.0,1.0,1.0,100.0,0.0,100.0,1.0,1.0,1.0,0.0,1.0,1.0,1.0,1.0,1.0,1
28433,https://bit.ly/2aCkMiZ?redirscr=_https:/www.paypal.com/cgi-bin/webscr?cmd=resolution-center,phishing,1.0,91.0,-1.0,1.0,1.0,3.0,1.0,-1.0,1.0,-1.0,-1.0,-1.0,-1.0,-1.0,-1.0,-1.0,-1.0,-1.0,-1.0,-1.0,1.0,1
28508,https://t.co/BIGu8v2fgA,phishing,1.0,23.0,-1.0,1.0,1.0,1.0,1.0,1.0,1.0,80.0,100.0,80.0,1.0,1.0,1.0,1.0,1.0,1.0,1.0,1.0,1.0,1
29183,https://rebrand.ly/9e20c23423Ds,phishing,1.0,31.0,-1.0,1.0,1.0,1.0,1.0,1.0,1.0,100.0,44.44,100.0,1.0,1.0,1.0,1.0,1.0,1.0,1.0,1.0,1.0,1
29705,http://bit.ly/2gRvOb6,phishing,1.0,21.0,-1.0,1.0,1.0,1.0,-1.0,-1.0,1.0,-1.0,-1.0,-1.0,-1.0,-1.0,-1.0,-1.0,-1.0,-1.0,-1.0,-1.0,1.0,1
29737,http://tinyurl.com/jnvvahg/,phishing,1.0,27.0,-1.0,1.0,1.0,1.0,-1.0,-1.0,1.0,-1.0,-1.0,-1.0,-1.0,-1.0,1.0,0.0,-1.0,-1.0,-1.0,-1.0,1.0,1
30156,http://bit.ly/2kM1NHI,phishing,1.0,21.0,-1.0,1.0,1.0,1.0,-1.0,-1.0,1.0,-1.0,-1.0,-1.0,-1.0,-1.0,1.0,1.0,-1.0,-1.0,-1.0,-1.0,1.0,1
30609,http://bitly.com/1bRPamp,phishing,1.0,24.0,-1.0,1.0,1.0,1.0,-1.0,-1.0,1.0,-1.0,-1.0,-1.0,-1.0,-1.0,-1.0,-1.0,-1.0,-1.0,-1.0,-1.0,1.0,1
30620,http://tinyurl.com/ol6qzec,phishing,1.0,26.0,-1.0,1.0,1.0,1.0,-1.0,-1.0,1.0,-1.0,-1.0,-1.0,-1.0,-1.0,1.0,0.0,-1.0,-1.0,-1.0,-1.0,1.0,1
30857,http://ow.ly/ZvXu307Id0T,phishing,1.0,24.0,-1.0,1.0,1.0,1.0,-1.0,-1.0,1.0,-1.0,-1.0,-1.0,-1.0,-1.0,-1.0,-1.0,-1.0,-1.0,-1.0,-1.0,-1.0,1
31303,http://goo.gl/FRovyg,phishing,1.0,20.0,-1.0,1.0,1.0,1.0,-1.0,-1.0,1.0,100.0,100.0,100.0,1.0,1.0,1.0,3.0,1.0,1.0,1.0,1.0,1.0,1
31414,http://snip.ly/ikwxyy/,phishing,1.0,22.0,-1.0,1.0,1.0,1.0,-1.0,-1.0,1.0,-1.0,-1.0,-1.0,-1.0,-1.0,-1.0,-1.0,-1.0,-1.0,-1.0,-1.0,1.0,1
31504,https://tinyurl.com/y8p8ubxp,phishing,1.0,28.0,-1.0,1.0,1.0,1.0,1.0,-1.0,1.0,-1.0,-1.0,-1.0,-1.0,-1.0,1.0,0.0,-1.0,-1.0,-1.0,-1.0,1.0,1
31707,http://goo.gl/X7oQ6A,phishing,1.0,20.0,-1.0,1.0,1.0,1.0,-1.0,-1.0,1.0,-1.0,-1.0,-1.0,-1.0,-1.0,1.0,1.0,-1.0,-1.0,-1.0,-1.0,1.0,1
31935,http://bit.ly/2kXVSUk,phishing,1.0,21.0,-1.0,1.0,1.0,1.0,-1.0,-1.0,1.0,-1.0,-1.0,-1.0,-1.0,-1.0,1.0,3.0,-1.0,-1.0,-1.0,-1.0,1.0,1
32237,http://goo.gl/Gsc06k,phishing,1.0,20.0,-1.0,1.0,1.0,1.0,-1.0,-1.0,1.0,0.0,0.0,0.0,1.0,1.0,1.0,2.0,1.0,1.0,1.0,1.0,1.0,1
33172,http://bit.ly/2kMpAIi,phishing,1.0,21.0,-1.0,1.0,1.0,1.0,-1.0,-1.0,1.0,-1.0,-1.0,-1.0,-1.0,-1.0,-1.0,-1.0,-1.0,-1.0,-1.0,-1.0,1.0,1
33627,http://tinyurl.com/zq2zwro/,phishing,1.0,27.0,-1.0,1.0,1.0,1.0,-1.0,-1.0,1.0,-1.0,-1.0,-1.0,-1.0,-1.0,1.0,0.0,-1.0,-1.0,-1.0,-1.0,1.0,1
33649,http://t.co/oyUqopk2r1,phishing,1.0,22.0,-1.0,1.0,1.0,1.0,-1.0,-1.0,1.0,-1.0,-1.0,-1.0,-1.0,-1.0,-1.0,-1.0,-1.0,-1.0,-1.0,-1.0,1.0,1
10529,https://www.yfrog.com/ob2wbuk,legitimate,1.0,29.0,-1.0,1.0,1.0,2.0,1.0,-1.0,1.0,-1.0,-1.0,-1.0,-1.0,-1.0,-1.0,-1.0,-1.0,-1.0,-1.0,-1.0,1.0,1
35843,http://bit.ly/2mHdwIX,phishing,1.0,21.0,-1.0,1.0,1.0,1.0,-1.0,-1.0,1.0,-1.0,-1.0,-1.0,-1.0,-1.0,1.0,3.0,-1.0,-1.0,-1.0,-1.0,1.0,1
36409,http://tinyurl.com/j5co6n2,phishing,1.0,26.0,-1.0,1.0,1.0,1.0,-1.0,-1.0,1.0,-1.0,-1.0,-1.0,-1.0,-1.0,1.0,0.0,-1.0,-1.0,-1.0,-1.0,1.0,1
38367,http://bit.ly/2ccxBCb?dl=1,phishing,1.0,26.0,-1.0,1.0,1.0,1.0,-1.0,-1.0,1.0,-1.0,-1.0,-1.0,-1.0,-1.0,-1.0,-1.0,-1.0,-1.0,-1.0,-1.0,1.0,1
39056,http://ow.ly/R2y6301MVKE,phishing,1.0,24.0,-1.0,1.0,1.0,1.0,-1.0,1.0,1.0,53.33,30.48,76.92,1.0,1.0,1.0,2.0,1.0,1.0,1.0,-1.0,-1.0,1
39124,http://ow.ly/MEtc302fQhT,phishing,1.0,24.0,-1.0,1.0,1.0,1.0,-1.0,1.0,1.0,53.33,30.48,76.92,1.0,1.0,1.0,2.0,1.0,1.0,1.0,-1.0,-1.0,1
40107,https://tinyurl.com/y78rx548,phishing,1.0,28.0,-1.0,1.0,1.0,1.0,1.0,-1.0,1.0,-1.0,-1.0,-1.0,-1.0,-1.0,1.0,0.0,-1.0,-1.0,-1.0,-1.0,1.0,1
40738,http://bit.ly/2fNqQrs,phishing,1.0,21.0,-1.0,1.0,1.0,1.0,-1.0,1.0,1.0,100.0,0.0,100.0,1.0,1.0,1.0,1.0,1.0,1.0,1.0,1.0,1.0,1
40846,https://tiny.cc/jkfjdsdfdkgsdff,phishing,1.0,31.0,-1.0,1.0,1.0,1.0,1.0,-1.0,1.0,-1.0,-1.0,-1.0,-1.0,-1.0,1.0,0.0,-1.0,-1.0,-1.0,-1.0,1.0,1
41387,http://bit.ly/2j27gKW,phishing,1.0,21.0,-1.0,1.0,1.0,1.0,-1.0,-1.0,1.0,-1.0,-1.0,-1.0,-1.0,-1.0,-1.0,-1.0,-1.0,-1.0,-1.0,-1.0,1.0,1
41960,http://bit.ly/1XZl5cs,phishing,1.0,21.0,-1.0,1.0,1.0,1.0,-1.0,-1.0,1.0,-1.0,-1.0,-1.0,-1.0,-1.0,-1.0,-1.0,-1.0,-1.0,-1.0,-1.0,1.0,1
42978,https://adf.ly/1QTA9g,phishing,1.0,21.0,-1.0,1.0,1.0,1.0,1.0,-1.0,1.0,-1.0,-1.0,-1.0,-1.0,-1.0,1.0,1.0,-1.0,-1.0,-1.0,-1.0,1.0,1
43670,http://bit.ly/2jUHniQ,phishing,1.0,21.0,-1.0,1.0,1.0,1.0,-1.0,-1.0,1.0,-1.0,-1.0,-1.0,-1.0,-1.0,1.0,1.0,-1.0,-1.0,-1.0,-1.0,1.0,1
44369,http://bit.ly/2dM2kWM,phishing,1.0,21.0,-1.0,1.0,1.0,1.0,-1.0,-1.0,1.0,-1.0,-1.0,-1.0,-1.0,-1.0,1.0,1.0,-1.0,-1.0,-1.0,-1.0,1.0,1
44436,http://bit.ly/2feMnbP,phishing,1.0,21.0,-1.0,1.0,1.0,1.0,-1.0,-1.0,1.0,-1.0,-1.0,-1.0,-1.0,-1.0,1.0,1.0,-1.0,-1.0,-1.0,-1.0,1.0,1
44825,http://snip.ly/dfsmz,phishing,1.0,20.0,-1.0,1.0,1.0,1.0,-1.0,-1.0,1.0,-1.0,-1.0,-1.0,-1.0,-1.0,-1.0,-1.0,-1.0,-1.0,-1.0,-1.0,1.0,1
44907,http://snip.ly/icaqpq,phishing,1.0,21.0,-1.0,1.0,1.0,1.0,-1.0,-1.0,1.0,-1.0,-1.0,-1.0,-1.0,-1.0,1.0,0.0,-1.0,-1.0,-1.0,-1.0,1.0,1
45341,http://bit.ly/885THGHTYdfgDFF,phishing,1.0,29.0,-1.0,1.0,1.0,1.0,-1.0,-1.0,1.0,-1.0,-1.0,-1.0,-1.0,-1.0,1.0,1.0,-1.0,-1.0,-1.0,-1.0,1.0,1
46197,http://bitly.com/a/warning?hash=1WT7pjU&amp;url=http://www.maisuniformes.com.br/wp-includes/ID3/,phishing,1.0,96.0,-1.0,-1.0,1.0,4.0,-1.0,-1.0,1.0,-1.0,-1.0,-1.0,-1.0,-1.0,1.0,0.0,-1.0,-1.0,-1.0,-1.0,1.0,1
47316,http://ow.ly/b88c305JtnZ,phishing,1.0,24.0,-1.0,1.0,1.0,1.0,-1.0,-1.0,1.0,-1.0,-1.0,-1.0,-1.0,-1.0,1.0,1.0,-1.0,-1.0,-1.0,-1.0,-1.0,1
49290,http://bit.ly/PayPal__Update__uhgufytydy,phishing,1.0,40.0,-1.0,1.0,1.0,1.0,-1.0,-1.0,1.0,0.0,100.0,100.0,1.0,1.0,1.0,0.0,1.0,1.0,1.0,1.0,1.0,1
51366,http://ow.ly/ARJ530mjwPB,phishing,1.0,24.0,-1.0,1.0,1.0,1.0,-1.0,1.0,1.0,88.89,100.0,88.89,1.0,1.0,1.0,1.0,1.0,1.0,1.0,1.0,-1.0,1
52428,http://bitly.com/customer-service-login----,phishing,1.0,43.0,-1.0,1.0,1.0,1.0,-1.0,-1.0,1.0,100.0,0.0,100.0,1.0,1.0,1.0,1.0,1.0,1.0,1.0,1.0,1.0,1
53920,http://u.to/FNUoDw,phishing,1.0,18.0,-1.0,1.0,1.0,1.0,-1.0,-1.0,1.0,-1.0,-1.0,-1.0,-1.0,-1.0,-1.0,-1.0,-1.0,-1.0,-1.0,-1.0,1.0,1
54122,"http://u.to/vYjNDw,Pattern",phishing,1.0,26.0,-1.0,1.0,1.0,1.0,-1.0,-1.0,1.0,-1.0,-1.0,-1.0,-1.0,-1.0,1.0,2.0,-1.0,-1.0,-1.0,-1.0,1.0,1
54156,http://tinyurl.com/jlrbb8a,phishing,1.0,26.0,-1.0,1.0,1.0,1.0,-1.0,-1.0,1.0,-1.0,-1.0,-1.0,-1.0,-1.0,1.0,0.0,-1.0,-1.0,-1.0,-1.0,1.0,1
54295,https://is.gd/Fs9ogD,phishing,1.0,20.0,-1.0,1.0,1.0,1.0,1.0,-1.0,1.0,-1.0,-1.0,-1.0,-1.0,-1.0,1.0,0.0,-1.0,-1.0,-1.0,-1.0,1.0,1
55143,http://goo.gl/e1756o,phishing,1.0,20.0,-1.0,1.0,1.0,1.0,-1.0,-1.0,1.0,-1.0,-1.0,-1.0,-1.0,-1.0,1.0,1.0,-1.0,-1.0,-1.0,-1.0,1.0,1
55188,https://bit.ly/2eOEdL2,phishing,1.0,22.0,-1.0,1.0,1.0,1.0,1.0,-1.0,1.0,0.0,100.0,100.0,1.0,1.0,1.0,0.0,1.0,1.0,1.0,1.0,1.0,1
55647,http://goo.gl/6cbx5E,phishing,1.0,20.0,-1.0,1.0,1.0,1.0,-1.0,-1.0,1.0,-1.0,-1.0,-1.0,-1.0,-1.0,-1.0,2.0,-1.0,-1.0,-1.0,-1.0,1.0,1
56306,http://bit.ly/2lqW7mh,phishing,1.0,21.0,-1.0,1.0,1.0,1.0,-1.0,-1.0,1.0,-1.0,-1.0,-1.0,-1.0,-1.0,-1.0,-1.0,-1.0,-1.0,-1.0,-1.0,1.0,1
57504,https://bitly.com/pages/landing/branded-short-domains-powered-by-bitly?bsd=feitopara.vc,phishing,1.0,87.0,-1.0,1.0,1.0,2.0,1.0,-1.0,1.0,15.0,15.27,37.5,1.0,1.0,1.0,0.0,1.0,1.0,1.0,1.0,1.0,1
57614,https://bitly.com/2EinMEO,phishing,1.0,25.0,-1.0,1.0,1.0,1.0,1.0,-1.0,1.0,-1.0,-1.0,-1.0,-1.0,-1.0,-1.0,-1.0,-1.0,-1.0,-1.0,-1.0,1.0,1
58673,https://tinyurl.com/y8w8qngz,phishing,1.0,28.0,-1.0,1.0,1.0,1.0,1.0,-1.0,1.0,-1.0,-1.0,-1.0,-1.0,-1.0,1.0,0.0,-1.0,-1.0,-1.0,-1.0,1.0,1
58994,http://bit.ly/1U9tDJJ,phishing,1.0,21.0,-1.0,1.0,1.0,1.0,-1.0,-1.0,1.0,-1.0,-1.0,-1.0,-1.0,-1.0,1.0,1.0,-1.0,-1.0,-1.0,-1.0,1.0,1
60020,http://lnkd.in/bYuxU46?facebook-security,phishing,1.0,40.0,-1.0,1.0,1.0,1.0,-1.0,-1.0,1.0,-1.0,-1.0,-1.0,-1.0,-1.0,1.0,2.0,-1.0,-1.0,-1.0,-1.0,1.0,1
60474,http://goo.gl/8Y4ZWr,phishing,1.0,20.0,-1.0,1.0,1.0,1.0,-1.0,-1.0,1.0,-1.0,-1.0,-1.0,-1.0,-1.0,1.0,1.0,-1.0,-1.0,-1.0,-1.0,1.0,1
60581,http://bit.ly/2dA58KZ,phishing,1.0,21.0,-1.0,1.0,1.0,1.0,-1.0,-1.0,1.0,-1.0,-1.0,-1.0,-1.0,-1.0,-1.0,1.0,-1.0,-1.0,-1.0,-1.0,1.0,1
61019,http://bit.ly/2ntMSHP,phishing,1.0,21.0,-1.0,1.0,1.0,1.0,-1.0,-1.0,1.0,0.0,100.0,100.0,1.0,1.0,1.0,0.0,1.0,1.0,1.0,1.0,1.0,1
61456,http://bitly.com/1HnbPtc,phishing,1.0,24.0,-1.0,1.0,1.0,1.0,-1.0,-1.0,1.0,-1.0,-1.0,-1.0,-1.0,-1.0,-1.0,-1.0,-1.0,-1.0,-1.0,-1.0,1.0,1
61956,http://cur.lv/liaxj,phishing,1.0,19.0,-1.0,1.0,1.0,1.0,-1.0,-1.0,1.0,-1.0,-1.0,-1.0,-1.0,-1.0,1.0,0.0,-1.0,-1.0,-1.0,-1.0,1.0,1
19895,https://www.ow.ly/i/kKwK,legitimate,1.0,24.0,-1.0,1.0,1.0,2.0,1.0,-1.0,1.0,-1.0,-1.0,-1.0,-1.0,-1.0,-1.0,-1.0,-1.0,-1.0,-1.0,-1.0,-1.0,1
66246,http://bit.ly/2elJdEs,phishing,1.0,21.0,-1.0,1.0,1.0,1.0,-1.0,-1.0,1.0,-1.0,-1.0,-1.0,-1.0,-1.0,-1.0,-1.0,-1.0,-1.0,-1.0,-1.0,1.0,1
66835,http://bit.ly/dgsdfdytryrtytrt,phishing,1.0,30.0,-1.0,1.0,1.0,1.0,-1.0,-1.0,1.0,-1.0,-1.0,-1.0,-1.0,-1.0,-1.0,-1.0,-1.0,-1.0,-1.0,-1.0,1.0,1
67271,https://tinyurl.com/y9ft62xu,phishing,1.0,28.0,-1.0,1.0,1.0,1.0,1.0,-1.0,1.0,-1.0,-1.0,-1.0,-1.0,-1.0,1.0,0.0,-1.0,-1.0,-1.0,-1.0,1.0,1
20430,https://www.yfrog.com/kkgn9hqj,legitimate,1.0,30.0,-1.0,1.0,1.0,2.0,1.0,-1.0,1.0,-1.0,-1.0,-1.0,-1.0,-1.0,-1.0,-1.0,-1.0,-1.0,-1.0,-1.0,1.0,1
68470,http://tinyurl.com/hpdmc5d,phishing,1.0,26.0,-1.0,1.0,1.0,1.0,-1.0,-1.0,1.0,-1.0,-1.0,-1.0,-1.0,-1.0,1.0,0.0,-1.0,-1.0,-1.0,-1.0,1.0,1
68904,http://ow.ly/4mZCpG,phishing,1.0,19.0,-1.0,1.0,1.0,1.0,-1.0,-1.0,1.0,-1.0,-1.0,-1.0,-1.0,-1.0,1.0,8.0,-1.0,-1.0,-1.0,-1.0,-1.0,1
69323,http://bit.ly/2bv3gCt,phishing,1.0,21.0,-1.0,1.0,1.0,1.0,-1.0,-1.0,1.0,-1.0,-1.0,-1.0,-1.0,-1.0,-1.0,-1.0,-1.0,-1.0,-1.0,-1.0,1.0,1
69749,http://t.co/JS0cw4L8NQ,phishing,1.0,22.0,-1.0,1.0,1.0,1.0,-1.0,-1.0,1.0,-1.0,-1.0,-1.0,-1.0,-1.0,-1.0,-1.0,-1.0,-1.0,-1.0,-1.0,1.0,1
70212,http://ow.ly/tz9I3002V64,phishing,1.0,24.0,-1.0,1.0,1.0,1.0,-1.0,-1.0,1.0,-1.0,-1.0,-1.0,-1.0,-1.0,-1.0,2.0,-1.0,-1.0,-1.0,-1.0,-1.0,1
70689,http://bonus.status-eth.top/?utm_campaign=984711utm_source=t.co,phishing,1.0,63.0,-1.0,1.0,-1.0,3.0,-1.0,-1.0,1.0,-1.0,-1.0,-1.0,-1.0,-1.0,-1.0,-1.0,-1.0,-1.0,-1.0,-1.0,-1.0,1
70906,http://goo.gl/76Vdct,phishing,1.0,20.0,-1.0,1.0,1.0,1.0,-1.0,-1.0,1.0,-1.0,-1.0,-1.0,-1.0,-1.0,1.0,1.0,-1.0,-1.0,-1.0,-1.0,1.0,1
71455,http://goo.gl/J1QzZI,phishing,1.0,20.0,-1.0,1.0,1.0,1.0,-1.0,-1.0,1.0,-1.0,-1.0,-1.0,-1.0,-1.0,1.0,3.0,-1.0,-1.0,-1.0,-1.0,1.0,1
71462,http://x.co/6nask,phishing,1.0,17.0,-1.0,1.0,1.0,1.0,-1.0,-1.0,1.0,-1.0,-1.0,-1.0,-1.0,-1.0,1.0,0.0,-1.0,-1.0,-1.0,-1.0,1.0,1
72426,http://tinyurl.com/jsyoet8/,phishing,1.0,27.0,-1.0,1.0,1.0,1.0,-1.0,-1.0,1.0,-1.0,-1.0,-1.0,-1.0,-1.0,1.0,0.0,-1.0,-1.0,-1.0,-1.0,1.0,1
72587,http://bit.ly/1PH4vc8,phishing,1.0,21.0,-1.0,1.0,1.0,1.0,-1.0,-1.0,1.0,-1.0,-1.0,-1.0,-1.0,-1.0,1.0,1.0,-1.0,-1.0,-1.0,-1.0,1.0,1
73021,http://bit.ly/2k9Z7I2,phishing,1.0,21.0,-1.0,1.0,1.0,1.0,-1.0,-1.0,1.0,-1.0,-1.0,-1.0,-1.0,-1.0,-1.0,-1.0,-1.0,-1.0,-1.0,-1.0,1.0,1
73419,https://t.co/cMpX1IHxbl,phishing,1.0,23.0,-1.0,1.0,1.0,1.0,1.0,-1.0,1.0,-1.0,-1.0,-1.0,-1.0,-1.0,-1.0,-1.0,-1.0,-1.0,-1.0,-1.0,1.0,1
73944,http://bit.ly/2igMCcG,phishing,1.0,21.0,-1.0,1.0,1.0,1.0,-1.0,-1.0,1.0,0.0,100.0,100.0,1.0,1.0,1.0,0.0,1.0,1.0,1.0,1.0,1.0,1
74357,http://bc.vc/uCkAtA,phishing,1.0,19.0,-1.0,1.0,1.0,1.0,-1.0,-1.0,1.0,-1.0,-1.0,-1.0,-1.0,-1.0,-1.0,3.0,-1.0,-1.0,-1.0,-1.0,1.0,1
74668,http://bit.ly/1WOc4mS,phishing,1.0,21.0,-1.0,1.0,1.0,1.0,-1.0,-1.0,1.0,-1.0,-1.0,-1.0,-1.0,-1.0,1.0,1.0,-1.0,-1.0,-1.0,-1.0,1.0,1
74771,https://bitly.com/a/warning?hash=1WT7pjU&amp,phishing,1.0,44.0,-1.0,1.0,1.0,1.0,1.0,-1.0,1.0,-1.0,-1.0,-1.0,-1.0,-1.0,1.0,0.0,-1.0,-1.0,-1.0,-1.0,1.0,1
75832,https://tinyurl.com/hwyj657,phishing,1.0,27.0,-1.0,1.0,1.0,1.0,1.0,-1.0,1.0,-1.0,-1.0,-1.0,-1.0,-1.0,1.0,0.0,-1.0,-1.0,-1.0,-1.0,1.0,1
76595,http://bit.ly/1TBDaaD,phishing,1.0,21.0,-1.0,1.0,1.0,1.0,-1.0,-1.0,1.0,-1.0,-1.0,-1.0,-1.0,-1.0,-1.0,-1.0,-1.0,-1.0,-1.0,-1.0,1.0,1
76712,https://tinyurl.com/yaksvamq,phishing,1.0,28.0,-1.0,1.0,1.0,1.0,1.0,-1.0,1.0,-1.0,-1.0,-1.0,-1.0,-1.0,1.0,0.0,-1.0,-1.0,-1.0,-1.0,1.0,1
79361,http://bit.ly/2jDlFAz,phishing,1.0,21.0,-1.0,1.0,1.0,1.0,-1.0,-1.0,1.0,-1.0,-1.0,-1.0,-1.0,-1.0,-1.0,-1.0,-1.0,-1.0,-1.0,-1.0,1.0,1
80475,http://bit.ly/2ClXxuY,phishing,1.0,21.0,-1.0,1.0,1.0,1.0,-1.0,-1.0,1.0,-1.0,-1.0,-1.0,-1.0,-1.0,-1.0,-1.0,-1.0,-1.0,-1.0,-1.0,1.0,1
80985,https://t.co/7cHgg98UA6,phishing,1.0,23.0,-1.0,1.0,1.0,1.0,1.0,-1.0,1.0,-1.0,-1.0,-1.0,-1.0,-1.0,-1.0,-1.0,-1.0,-1.0,-1.0,-1.0,1.0,1
82549,http://bit.ly/2ClHEF6,phishing,1.0,21.0,-1.0,1.0,1.0,1.0,-1.0,-1.0,1.0,-1.0,-1.0,-1.0,-1.0,-1.0,-1.0,-1.0,-1.0,-1.0,-1.0,-1.0,1.0,1
84507,http://bit.ly/2COc2YG,phishing,1.0,21.0,-1.0,1.0,1.0,1.0,-1.0,-1.0,1.0,-1.0,-1.0,-1.0,-1.0,-1.0,-1.0,-1.0,-1.0,-1.0,-1.0,-1.0,1.0,1
85204,http://bit.ly/22OtGz9,phishing,1.0,21.0,-1.0,1.0,1.0,1.0,-1.0,-1.0,1.0,-1.0,-1.0,-1.0,-1.0,-1.0,-1.0,-1.0,-1.0,-1.0,-1.0,-1.0,1.0,1
85308,http://goo.gl/FqlyKh,phishing,1.0,20.0,-1.0,1.0,1.0,1.0,-1.0,1.0,1.0,0.0,0.0,0.0,1.0,1.0,1.0,1.0,1.0,1.0,1.0,1.0,1.0,1
85886,http://t.co/oLXJgBQM6U,phishing,1.0,22.0,-1.0,1.0,1.0,1.0,-1.0,-1.0,1.0,-1.0,-1.0,-1.0,-1.0,-1.0,-1.0,-1.0,-1.0,-1.0,-1.0,-1.0,1.0,1
86117,https://bitly.com/1AfWX6j,phishing,1.0,25.0,-1.0,1.0,1.0,1.0,1.0,-1.0,1.0,-1.0,-1.0,-1.0,-1.0,-1.0,1.0,1.0,-1.0,-1.0,-1.0,-1.0,1.0,1
86300,http://ow.ly/SmJkB,phishing,1.0,18.0,-1.0,1.0,1.0,1.0,-1.0,-1.0,1.0,-1.0,-1.0,-1.0,-1.0,-1.0,1.0,1.0,-1.0,-1.0,-1.0,-1.0,-1.0,1
86479,https://u.to/o3crFA,phishing,1.0,19.0,-1.0,1.0,1.0,1.0,1.0,-1.0,1.0,-1.0,-1.0,-1.0,-1.0,-1.0,1.0,2.0,-1.0,-1.0,-1.0,-1.0,1.0,1
86543,http://snip.ly/stb4q,phishing,1.0,20.0,-1.0,1.0,1.0,1.0,-1.0,-1.0,1.0,-1.0,-1.0,-1.0,-1.0,-1.0,1.0,0.0,-1.0,-1.0,-1.0,-1.0,1.0,1
86871,http://ow.ly/WDWm30209R3,phishing,1.0,24.0,-1.0,1.0,1.0,1.0,-1.0,-1.0,1.0,-1.0,-1.0,-1.0,-1.0,-1.0,-1.0,-1.0,-1.0,-1.0,-1.0,-1.0,-1.0,1
26333,https://www.yfrog.com/kkwk6elj,legitimate,1.0,30.0,-1.0,1.0,1.0,2.0,1.0,-1.0,1.0,-1.0,-1.0,-1.0,-1.0,-1.0,-1.0,-1.0,-1.0,-1.0,-1.0,-1.0,1.0,1
26428,https://www.q.gs/WMBs,legitimate,1.0,21.0,-1.0,1.0,1.0,2.0,1.0,-1.0,1.0,-1.0,-1.0,-1.0,-1.0,-1.0,-1.0,-1.0,-1.0,-1.0,-1.0,-1.0,1.0,1
1207,http://ow.ly/XgGT305bwCZ,phishing,1.0,24.0,-1.0,1.0,1.0,1.0,-1.0,1.0,1.0,98.91,3.14,98.21,1.0,1.0,1.0,6.0,-1.0,1.0,-1.0,-1.0,-1.0,1
1237,http://bit.ly/2lJzXzv,phishing,1.0,21.0,-1.0,1.0,1.0,1.0,-1.0,-1.0,1.0,-1.0,-1.0,-1.0,-1.0,-1.0,-1.0,-1.0,-1.0,-1.0,-1.0,-1.0,1.0,1
2023,http://tinyurl.com/redirect.php?num=h7cxwxf&amp;add=,phishing,1.0,52.0,-1.0,1.0,1.0,2.0,-1.0,-1.0,1.0,-1.0,-1.0,-1.0,-1.0,-1.0,1.0,0.0,-1.0,-1.0,-1.0,-1.0,1.0,1
3079,http://bitly.com/1nbf4cS,phishing,1.0,24.0,-1.0,1.0,1.0,1.0,-1.0,-1.0,1.0,-1.0,-1.0,-1.0,-1.0,-1.0,-1.0,-1.0,-1.0,-1.0,-1.0,-1.0,1.0,1
3243,http://tinyurl.com/hgq5nsw,phishing,1.0,26.0,-1.0,1.0,1.0,1.0,-1.0,-1.0,1.0,-1.0,-1.0,-1.0,-1.0,-1.0,1.0,0.0,-1.0,-1.0,-1.0,-1.0,1.0,1
3447,https://bit.ly/2guf0FR,phishing,1.0,22.0,-1.0,1.0,1.0,1.0,1.0,-1.0,1.0,-1.0,-1.0,-1.0,-1.0,-1.0,-1.0,-1.0,-1.0,-1.0,-1.0,-1.0,1.0,1
3522,http://ow.ly/y4Z3302OsnW,phishing,1.0,24.0,-1.0,1.0,1.0,1.0,-1.0,-1.0,1.0,-1.0,-1.0,-1.0,-1.0,-1.0,-1.0,2.0,-1.0,-1.0,-1.0,-1.0,-1.0,1
4014,http://snip.ly/3kqwy,phishing,1.0,20.0,-1.0,1.0,1.0,1.0,-1.0,-1.0,1.0,-1.0,-1.0,-1.0,-1.0,-1.0,1.0,0.0,-1.0,-1.0,-1.0,-1.0,1.0,1
4291,http://bit.ly/2bYh97s,phishing,1.0,21.0,-1.0,1.0,1.0,1.0,-1.0,-1.0,1.0,-1.0,-1.0,-1.0,-1.0,-1.0,-1.0,-1.0,-1.0,-1.0,-1.0,-1.0,1.0,1
4738,http://bit.ly/2frOIoY,phishing,1.0,21.0,-1.0,1.0,1.0,1.0,-1.0,-1.0,1.0,0.0,100.0,100.0,1.0,1.0,1.0,0.0,1.0,1.0,1.0,1.0,1.0,1
4843,http://bit.ly/2dpgGfY,phishing,1.0,21.0,-1.0,1.0,1.0,1.0,-1.0,-1.0,1.0,-1.0,-1.0,-1.0,-1.0,-1.0,-1.0,-1.0,-1.0,-1.0,-1.0,-1.0,1.0,1
7154,https://t.co/OG2F3xLnQL,phishing,1.0,23.0,-1.0,1.0,1.0,1.0,1.0,-1.0,1.0,-1.0,-1.0,-1.0,-1.0,-1.0,-1.0,-1.0,-1.0,-1.0,-1.0,-1.0,1.0,1
7568,http://bit.ly/2neIhJ0,phishing,1.0,21.0,-1.0,1.0,1.0,1.0,-1.0,-1.0,1.0,-1.0,-1.0,-1.0,-1.0,-1.0,-1.0,-1.0,-1.0,-1.0,-1.0,-1.0,1.0,1
8073,http://tinyurl.com/j5zvtx5,phishing,1.0,26.0,-1.0,1.0,1.0,1.0,-1.0,-1.0,1.0,-1.0,-1.0,-1.0,-1.0,-1.0,1.0,0.0,-1.0,-1.0,-1.0,-1.0,1.0,1
10346,http://snip.ly/akvv3,phishing,1.0,20.0,-1.0,1.0,1.0,1.0,-1.0,-1.0,1.0,100.0,100.0,100.0,1.0,1.0,1.0,1.0,1.0,1.0,1.0,1.0,1.0,1
10870,https://t.co/PeLBzEkAvW,phishing,1.0,23.0,-1.0,1.0,1.0,1.0,1.0,-1.0,1.0,-1.0,-1.0,-1.0,-1.0,-1.0,1.0,1.0,-1.0,-1.0,-1.0,-1.0,1.0,1
17612,http://bit.ly/2cMGzL3,phishing,1.0,21.0,-1.0,1.0,1.0,1.0,-1.0,-1.0,1.0,-1.0,-1.0,-1.0,-1.0,-1.0,-1.0,-1.0,-1.0,-1.0,-1.0,-1.0,1.0,1
17623,https://bitly.com/1J1Muz91J1Muz9,phishing,1.0,32.0,-1.0,1.0,1.0,1.0,1.0,-1.0,1.0,-1.0,-1.0,-1.0,-1.0,-1.0,1.0,2.0,-1.0,-1.0,-1.0,-1.0,1.0,1
18090,http://goo.gl/NPDmXt,phishing,1.0,20.0,-1.0,1.0,1.0,1.0,-1.0,1.0,1.0,0.0,0.0,0.0,1.0,1.0,1.0,1.0,1.0,1.0,1.0,1.0,1.0,1
20370,http://goo.gl/33UHQi,phishing,1.0,20.0,-1.0,1.0,1.0,1.0,-1.0,-1.0,1.0,-1.0,-1.0,-1.0,-1.0,-1.0,1.0,3.0,-1.0,-1.0,-1.0,-1.0,1.0,1
20520,http://ow.ly/4nlNKr,phishing,1.0,19.0,-1.0,1.0,1.0,1.0,-1.0,-1.0,1.0,50.0,0.0,0.0,1.0,1.0,1.0,2.0,1.0,1.0,1.0,1.0,-1.0,1
21116,http://t.co/opZ8XqadYz,phishing,1.0,22.0,-1.0,1.0,1.0,1.0,-1.0,1.0,1.0,80.0,100.0,80.0,1.0,1.0,1.0,2.0,1.0,1.0,1.0,1.0,1.0,1
21709,http://ow.ly/4nr4go,phishing,1.0,19.0,-1.0,1.0,1.0,1.0,-1.0,1.0,1.0,53.33,30.48,76.92,1.0,1.0,1.0,2.0,1.0,1.0,1.0,-1.0,-1.0,1
22137,http://snip.ly/ikwxyy,phishing,1.0,21.0,-1.0,1.0,1.0,1.0,-1.0,-1.0,1.0,-1.0,-1.0,-1.0,-1.0,-1.0,-1.0,-1.0,-1.0,-1.0,-1.0,-1.0,1.0,1
22138,https://t.co/zJJuVZrnDA?goto=CAT3SZT1FT,phishing,1.0,39.0,-1.0,1.0,1.0,1.0,1.0,-1.0,1.0,-1.0,-1.0,-1.0,-1.0,-1.0,1.0,1.0,-1.0,-1.0,-1.0,-1.0,1.0,1
22146,https://t.co/5moBOX3scP,phishing,1.0,23.0,-1.0,1.0,1.0,1.0,1.0,-1.0,1.0,-1.0,-1.0,-1.0,-1.0,-1.0,1.0,3.0,-1.0,-1.0,-1.0,-1.0,1.0,1
22297,http://snip.ly/8j64x,phishing,1.0,20.0,-1.0,1.0,1.0,1.0,-1.0,-1.0,1.0,-1.0,-1.0,-1.0,-1.0,-1.0,1.0,0.0,-1.0,-1.0,-1.0,-1.0,1.0,1
22932,http://bit.ly/Appelverified,phishing,1.0,27.0,-1.0,1.0,1.0,1.0,-1.0,-1.0,1.0,-1.0,-1.0,-1.0,-1.0,-1.0,1.0,2.0,-1.0,-1.0,-1.0,-1.0,1.0,1
23276,http://goo.gl/WNHJIY,phishing,1.0,20.0,-1.0,1.0,1.0,1.0,-1.0,-1.0,1.0,-1.0,-1.0,-1.0,-1.0,-1.0,1.0,1.0,-1.0,-1.0,-1.0,-1.0,1.0,1
23430,https://adf.ly/1cvRQb,phishing,1.0,21.0,-1.0,1.0,1.0,1.0,1.0,-1.0,1.0,-1.0,-1.0,-1.0,-1.0,-1.0,1.0,1.0,-1.0,-1.0,-1.0,-1.0,1.0,1
23848,https://goo.gl/8v4Ure,phishing,1.0,21.0,-1.0,1.0,1.0,1.0,1.0,-1.0,1.0,-1.0,-1.0,-1.0,-1.0,-1.0,1.0,0.0,-1.0,-1.0,-1.0,-1.0,1.0,1
25365,http://goo.gl/HV602f,phishing,1.0,20.0,-1.0,1.0,1.0,1.0,-1.0,-1.0,1.0,-1.0,-1.0,-1.0,-1.0,-1.0,1.0,2.0,-1.0,-1.0,-1.0,-1.0,1.0,1
27475,https://adf.ly/1XbEB5,phishing,1.0,21.0,-1.0,1.0,1.0,1.0,1.0,-1.0,1.0,-1.0,-1.0,-1.0,-1.0,-1.0,1.0,1.0,-1.0,-1.0,-1.0,-1.0,1.0,1
27498,http://goo.gl/60HAqJ,phishing,1.0,20.0,-1.0,1.0,1.0,1.0,-1.0,-1.0,1.0,-1.0,-1.0,-1.0,-1.0,-1.0,1.0,2.0,-1.0,-1.0,-1.0,-1.0,1.0,1
27666,https://tinyurl.com/yckgscgb,phishing,1.0,28.0,-1.0,1.0,1.0,1.0,1.0,-1.0,1.0,-1.0,-1.0,-1.0,-1.0,-1.0,1.0,0.0,-1.0,-1.0,-1.0,-1.0,1.0,1
28557,https://t.co/jcXi0JYNz6,phishing,1.0,23.0,-1.0,1.0,1.0,1.0,1.0,-1.0,1.0,-1.0,-1.0,-1.0,-1.0,-1.0,-1.0,-1.0,-1.0,-1.0,-1.0,-1.0,1.0,1
28880,http://bit.ly/2ayJkJO,phishing,1.0,21.0,-1.0,1.0,1.0,1.0,-1.0,-1.0,1.0,-1.0,-1.0,-1.0,-1.0,-1.0,-1.0,-1.0,-1.0,-1.0,-1.0,-1.0,1.0,1
29906,http://bit.ly/2j78Hq1,phishing,1.0,21.0,-1.0,1.0,1.0,1.0,-1.0,-1.0,1.0,-1.0,-1.0,-1.0,-1.0,-1.0,1.0,1.0,-1.0,-1.0,-1.0,-1.0,1.0,1
30176,http://bitly.com/1AfWX6j,phishing,1.0,24.0,-1.0,1.0,1.0,1.0,-1.0,-1.0,1.0,-1.0,-1.0,-1.0,-1.0,-1.0,1.0,1.0,-1.0,-1.0,-1.0,-1.0,1.0,1
31540,http://bit.ly/w456er7ujtiky8ik8j2hq31r3e5r67tuj78ji6,phishing,1.0,52.0,-1.0,1.0,1.0,1.0,-1.0,-1.0,1.0,-1.0,-1.0,-1.0,-1.0,-1.0,1.0,2.0,-1.0,-1.0,-1.0,-1.0,1.0,1
32277,http://goo.gl/WOAyl5,phishing,1.0,20.0,-1.0,1.0,1.0,1.0,-1.0,1.0,1.0,0.0,0.0,0.0,1.0,1.0,1.0,1.0,1.0,1.0,1.0,1.0,1.0,1
32679,http://bit.ly/1WTFsXe,phishing,1.0,21.0,-1.0,1.0,1.0,1.0,-1.0,-1.0,1.0,0.0,100.0,100.0,1.0,1.0,1.0,0.0,1.0,1.0,1.0,1.0,1.0,1
33128,http://bit.ly/1OiljI3,phishing,1.0,21.0,-1.0,1.0,1.0,1.0,-1.0,-1.0,1.0,-1.0,-1.0,-1.0,-1.0,-1.0,-1.0,-1.0,-1.0,-1.0,-1.0,-1.0,1.0,1
33470,https://t.co/UBd5JFQzJ8,phishing,1.0,23.0,-1.0,1.0,1.0,1.0,1.0,1.0,1.0,80.0,100.0,80.0,1.0,1.0,1.0,1.0,1.0,1.0,1.0,1.0,1.0,1
33751,http://bit.ly/2athLnx,phishing,1.0,21.0,-1.0,1.0,1.0,1.0,-1.0,-1.0,1.0,-1.0,-1.0,-1.0,-1.0,-1.0,-1.0,-1.0,-1.0,-1.0,-1.0,-1.0,1.0,1
34054,https://db.tt/Gk4zXJEn,phishing,1.0,22.0,-1.0,1.0,1.0,1.0,1.0,-1.0,1.0,0.0,0.0,0.0,1.0,1.0,1.0,1.0,1.0,1.0,1.0,1.0,1.0,1
35001,https://tinyurl.com/yaxaobh3,phishing,1.0,28.0,-1.0,1.0,1.0,1.0,1.0,-1.0,1.0,-1.0,-1.0,-1.0,-1.0,-1.0,1.0,0.0,-1.0,-1.0,-1.0,-1.0,1.0,1
35370,http://tinyurl.com/hfuyeq4,phishing,1.0,26.0,-1.0,1.0,1.0,1.0,-1.0,-1.0,1.0,-1.0,-1.0,-1.0,-1.0,-1.0,1.0,0.0,-1.0,-1.0,-1.0,-1.0,1.0,1
35751,http://goo.gl/s1ZVXW,phishing,1.0,20.0,-1.0,1.0,1.0,1.0,-1.0,-1.0,1.0,0.0,100.0,0.0,-1.0,1.0,1.0,2.0,1.0,1.0,1.0,1.0,1.0,1
36116,https://goo.gl/5irLts,phishing,1.0,21.0,-1.0,1.0,1.0,1.0,1.0,-1.0,1.0,-1.0,-1.0,-1.0,-1.0,-1.0,1.0,1.0,-1.0,-1.0,-1.0,-1.0,1.0,1
36815,http://goo.gl/EKpJ8k,phishing,1.0,20.0,-1.0,1.0,1.0,1.0,-1.0,1.0,1.0,0.0,0.0,0.0,1.0,1.0,1.0,1.0,1.0,1.0,1.0,1.0,1.0,1
36837,http://adf.ly/1QTA9g,phishing,1.0,20.0,-1.0,1.0,1.0,1.0,-1.0,-1.0,1.0,-1.0,-1.0,-1.0,-1.0,-1.0,1.0,1.0,-1.0,-1.0,-1.0,-1.0,1.0,1
37620,http://goo.gl/LdLZkL,phishing,1.0,20.0,-1.0,1.0,1.0,1.0,-1.0,-1.0,1.0,-1.0,-1.0,-1.0,-1.0,-1.0,1.0,1.0,-1.0,-1.0,-1.0,-1.0,1.0,1
37791,https://t.co/V7jpxk4m2b,phishing,1.0,23.0,-1.0,1.0,1.0,1.0,1.0,1.0,1.0,20.0,40.0,0.0,1.0,1.0,1.0,2.0,1.0,1.0,1.0,1.0,1.0,1
38849,https://tinyurl.com/yd25nzrr,phishing,1.0,28.0,-1.0,1.0,1.0,1.0,1.0,-1.0,1.0,-1.0,-1.0,-1.0,-1.0,-1.0,1.0,0.0,-1.0,-1.0,-1.0,-1.0,1.0,1
40661,http://bit.ly/2iIBR3m,phishing,1.0,21.0,-1.0,1.0,1.0,1.0,-1.0,-1.0,1.0,0.0,100.0,100.0,1.0,1.0,1.0,0.0,1.0,1.0,1.0,1.0,1.0,1
41403,http://bit.ly/2bptmXi,phishing,1.0,21.0,-1.0,1.0,1.0,1.0,-1.0,-1.0,1.0,-1.0,-1.0,-1.0,-1.0,-1.0,-1.0,-1.0,-1.0,-1.0,-1.0,-1.0,1.0,1
42172,http://bit.ly/2CSm2gc,phishing,1.0,21.0,-1.0,1.0,1.0,1.0,-1.0,-1.0,1.0,0.0,100.0,100.0,1.0,1.0,1.0,0.0,1.0,1.0,1.0,1.0,1.0,1
43153,http://bc.vc/KCkJzt,phishing,1.0,19.0,-1.0,1.0,1.0,1.0,-1.0,-1.0,1.0,-1.0,-1.0,-1.0,-1.0,-1.0,-1.0,3.0,-1.0,-1.0,-1.0,-1.0,1.0,1
43709,http://tinyurl.com/ja77o44,phishing,1.0,26.0,-1.0,1.0,1.0,1.0,-1.0,-1.0,1.0,-1.0,-1.0,-1.0,-1.0,-1.0,1.0,0.0,-1.0,-1.0,-1.0,-1.0,1.0,1
44825,http://snip.ly/m7omp,phishing,1.0,20.0,-1.0,1.0,1.0,1.0,-1.0,-1.0,1.0,-1.0,-1.0,-1.0,-1.0,-1.0,1.0,0.0,-1.0,-1.0,-1.0,-1.0,1.0,1
45050,http://bit.ly/1MCtXPo,phishing,1.0,21.0,-1.0,1.0,1.0,1.0,-1.0,-1.0,1.0,0.0,100.0,100.0,1.0,1.0,1.0,0.0,1.0,1.0,1.0,1.0,1.0,1
45131,https://t.co/rN2UcXEm3S,phishing,1.0,23.0,-1.0,1.0,1.0,1.0,1.0,-1.0,1.0,-1.0,-1.0,-1.0,-1.0,-1.0,1.0,1.0,-1.0,-1.0,-1.0,-1.0,1.0,1
45875,http://tinyurl.com/zqgaunx,phishing,1.0,26.0,-1.0,1.0,1.0,1.0,-1.0,-1.0,1.0,-1.0,-1.0,-1.0,-1.0,-1.0,1.0,0.0,-1.0,-1.0,-1.0,-1.0,1.0,1
46454,https://t.co/RBmzsVNxg8,phishing,1.0,23.0,-1.0,1.0,1.0,1.0,1.0,-1.0,1.0,-1.0,-1.0,-1.0,-1.0,-1.0,1.0,1.0,-1.0,-1.0,-1.0,-1.0,1.0,1
14076,https://www.yfrog.com/nxixanfj,legitimate,1.0,30.0,-1.0,1.0,1.0,2.0,1.0,-1.0,1.0,-1.0,-1.0,-1.0,-1.0,-1.0,-1.0,-1.0,-1.0,-1.0,-1.0,-1.0,1.0,1
47697,http://bit.ly/2bKfTth,phishing,1.0,21.0,-1.0,1.0,1.0,1.0,-1.0,-1.0,1.0,-1.0,-1.0,-1.0,-1.0,-1.0,-1.0,-1.0,-1.0,-1.0,-1.0,-1.0,1.0,1
47981,http://tinyurl.com/jf7dkan,phishing,1.0,26.0,-1.0,1.0,1.0,1.0,-1.0,-1.0,1.0,-1.0,-1.0,-1.0,-1.0,-1.0,1.0,0.0,-1.0,-1.0,-1.0,-1.0,1.0,1
49335,http://goo.gl/uioSh0,phishing,1.0,20.0,-1.0,1.0,1.0,1.0,-1.0,-1.0,1.0,-1.0,-1.0,-1.0,-1.0,-1.0,1.0,3.0,-1.0,-1.0,-1.0,-1.0,1.0,1
12262,http://bit.ly/PP-Protection,phishing,1.0,27.0,-1.0,1.0,1.0,1.0,-1.0,-1.0,1.0,-1.0,-1.0,-1.0,-1.0,-1.0,1.0,1.0,-1.0,-1.0,-1.0,-1.0,1.0,1
13542,http://tiny.cc/7vvn2x/,phishing,1.0,22.0,-1.0,1.0,1.0,1.0,-1.0,-1.0,1.0,-1.0,-1.0,-1.0,-1.0,-1.0,1.0,1.0,-1.0,-1.0,-1.0,-1.0,1.0,1
13648,http://ow.ly/XKbh303zIBD,phishing,1.0,24.0,-1.0,1.0,1.0,1.0,-1.0,-1.0,1.0,-1.0,-1.0,-1.0,-1.0,-1.0,-1.0,-1.0,-1.0,-1.0,-1.0,-1.0,-1.0,1
14720,http://ow.ly/DgGC308sKHc>,phishing,1.0,25.0,-1.0,1.0,1.0,1.0,-1.0,-1.0,1.0,-1.0,-1.0,-1.0,-1.0,-1.0,1.0,2.0,-1.0,-1.0,-1.0,-1.0,-1.0,1
15033,http://bit.ly/2bo8sos,phishing,1.0,21.0,-1.0,1.0,1.0,1.0,-1.0,-1.0,1.0,-1.0,-1.0,-1.0,-1.0,-1.0,-1.0,-1.0,-1.0,-1.0,-1.0,-1.0,1.0,1
15934,http://bit.ly/2dVdmh4,phishing,1.0,21.0,-1.0,1.0,1.0,1.0,-1.0,-1.0,1.0,-1.0,-1.0,-1.0,-1.0,-1.0,-1.0,-1.0,-1.0,-1.0,-1.0,-1.0,1.0,1
16519,http://bit.ly/1DbPA0z,phishing,1.0,21.0,-1.0,1.0,1.0,1.0,-1.0,-1.0,1.0,-1.0,-1.0,-1.0,-1.0,-1.0,-1.0,-1.0,-1.0,-1.0,-1.0,-1.0,1.0,1
16723,http://bit.ly/2cpzmQ0,phishing,1.0,21.0,-1.0,1.0,1.0,1.0,-1.0,-1.0,1.0,-1.0,-1.0,-1.0,-1.0,-1.0,-1.0,-1.0,-1.0,-1.0,-1.0,-1.0,1.0,1
17368,http://goo.gl/QMC1jd,phishing,1.0,20.0,-1.0,1.0,1.0,1.0,-1.0,-1.0,1.0,-1.0,-1.0,-1.0,-1.0,-1.0,-1.0,-1.0,-1.0,-1.0,-1.0,-1.0,1.0,1
570,http://goo.gl/Q5wKEM???login-your-fbaccount=65965344,phishing,1.0,52.0,-1.0,1.0,1.0,1.0,-1.0,-1.0,1.0,100.0,66.67,100.0,1.0,1.0,1.0,5.0,1.0,1.0,1.0,1.0,1.0,1
